1,geography|population,"This country is located between France and Spain with a population of approximately 77,000 people."
2,landmarks|history,"Casa de la Vall, built in 1580, serves as this country's main government building."
3,population|health,This country has one of the highest average life expectancies in the world.
4,geography|nature,"Despite being a landlocked nation, this country boasts over 300 lakes."
5,culture|geography,The culture of this country is heavily influenced by its Spanish and French neighbors.
6,culture|languages,"The people in this country speak Catalan, a romance language closely related to Spanish and French."
7,history|law,"It's known for having one of the oldest functioning parliamentary systems in the world, the General Council."
8,law|unique,"This country is the only country worldwide that has a co-principality, having two heads of state."
9,culture|events,"Yearly, this country holds a jazz festival featuring renowned international musicians."
10,sports|culture,The national sport of this country is Rugby Union.
11,culture|events,"Meritxell Day, held on September 8th, is this country's biggest national holiday."
12,history|unique,"This country has no military and has been peaceful for over 1,000 years."
13,transportation|unique,"Unlike many European nations, this country does not have an airport or railway service."
14,landmarks|leisure,"It is home to Caldea, one of the largest spa complexes in Europe."
15,tourism|nature,Winter tourism is popular here - the Grandvalira resort region is one of the biggest ski slopes in Europe.
16,economy|shopping,"This country's economy heavily relies on shopping, as it is a duty-free zone."
17,nature|UNESCO,"It boasts multiple nature parks, including the Madriu-Perafita-Claror Valley, a UNESCO World Heritage site."
18,culture|events,"Every summer, this country holds a festival called 'Colors de Música' featuring street parties, parades and concerts."
19,sports|culture,"Despite its small size, it has over 2,000 registered sports associations."
20,education|law,Education is compulsory and free for all children between ages 6 and 16.
