1,architecture|records,This country is home to the tallest building in the world.
2,nature|records,"The world's largest natural flower garden is located here, blooming in the desert."
3,culture|innovation,"It has a museum dedicated entirely to the future, showcasing innovations that aim to shape the next era."
4,architecture|nature,One of the islands here is shaped like a palm tree and can be seen from space.
5,culture|unique places,This country has a ski resort inside a shopping mall.
6,culture|traditions,"It celebrates a camel beauty contest, highlighting its rich Bedouin heritage."
7,innovation|leisure,"The concept of a zero-gravity spa was pioneered here, offering a unique relaxation experience."
8,culture|technology,"Robot jockeys are used in camel racing, a popular sport in this nation."
9,culture|unique,It's one of the few places in the world where police cars include supercars.
10,government|society,This nation has a Minister of Happiness to ensure the well-being of its residents.
11,architecture|tourism,The world's largest observation wheel offers breathtaking views of the city skyline.
12,culture|events,"It hosts a festival dedicated to literature and writers from around the globe, promoting reading and literacy."
13,history|culture,"Traditional dhow boats are still used, reflecting the country's maritime heritage."
14,culture|nature,"A falcon hospital provides specialized care for the birds, emphasizing their importance in local culture."
15,culture|unique places,It has a unique cafe where everything from the decor to the dishes is made of ice.
16,innovation|environment,The country's leaders have embarked on a mission to build a model of a sustainable city.
17,hospitality|records,"Here, you can find the world's first seven-star hotel, known for its luxurious services."
18,culture|events,An annual shopping festival attracts shoppers from across the globe with its massive discounts and entertainment.
19,history|culture,"The tradition of pearl diving, once a backbone of the economy, is celebrated in museums and cultural events."
20,innovation|space,"It aims to send a mission to explore Mars, showcasing its ambitions in space exploration."
