1,culture|art,"This country is famous for its ancient blue glassware, known as 'Afghan Blue Glass'."
2,history|geography,The famous silk road passed through this country.
3,nature|industry,"This country is renowned for producing high-quality grapes, especially the variety known as 'Kishmish'."
4,culture|traditions,"In this country, there is a traditional custom known as 'Attan', which is a folk dance performed in a circle to the beat of drums."
5,culture|sports,"Buzkashi, a sport in which riders on horseback attempt to snatch a goat carcass, is extremely popular in this country."
6,history|landmarks,This country is home to the world’s largest Buddha statues.
7,nature|business,"The country produces and exports some of the world’s best quality lapis lazuli, a semi-precious blue stone."
8,culture|lifestyle,Nomadic life is traditionally prevalent and is still practiced among some tribes in this country.
9,history|geography,"This country is the location of the famous Khyber Pass, an ancient trade route between Central and South Asia."
10,culture|important people,Famous poet Rumi was born in this modern day country.
11,culture|music,This country's traditional music style is marked by the use of instruments like rubab and dambura.
12,architecture|culture,One of the country's unique elements is its blue mosques decorated with turquoise ceramics.
13,industry|culture,This country is known for hand-woven rugs and carpets popularly known as Afghan Carpets.
14,culture|names,"Ariana is a popular female name in this country, which means 'Land of Light'."
15,culture|astronomy,The Big Bear Constellation is known as the 'Throne of Allah' in this country.
16,culture|traditions,"In this country, guests are seen as blessings and are treated with utmost respect and honor."
17,nature|tourism,"The Band-e Amir National Park, located here, features six azure blue lakes divided by natural dams."
18,nature|agriculture,"Among the many fruits grown in this country, pomegranates are abundant."
19,history|legends,This country has a well-known legend about the creation of the Ala-too mountain range.
20,architecture|tourism|culture,"The Mausoleum of Ali, located here, is a spectacular, visually striking example of Islamic architecture."
