1,nature|culture,"This country is known for having 365 beaches, one for every day of the year."
2,culture|people,It is the birthplace of a famous cricketer who holds the record for the highest individual score in a test match.
3,culture|events,"This nation is home to the world-renowned sailing week, attracting sailors and tourists from around the globe."
4,nature,"The island of Barbuda is known for its pink sand beaches, a rare and beautiful phenomenon."
5,history,"It became an independent state within the Commonwealth of Nations on November 1, 1981."
6,culture|food,"The national dish is a succulent stew made from conch, called 'duff'."
7,nature|history,This country was the first in the region to develop a fully integrated national park system.
8,nature,"The highest point is only 402 meters above sea level, on a hill known as Boggy Peak."
9,nature|animals,"It is home to the Frigate Bird Sanctuary, one of the largest colonies of frigate birds in the world."
10,culture|history,"The country's flag features a sun, which symbolizes the dawn of a new era."
11,culture,"They drive on the left side of the road, a remnant of British colonial influence."
12,economy,"The nation's economy heavily depends on tourism, accounting for more than half of its GDP."
13,nature|tourism,Shirley Heights Lookout offers one of the most spectacular views of the Caribbean sunset.
14,culture|events,"The annual Carnival celebration is a vibrant, colorful event that showcases the island's rich cultural heritage."
15,history|tourism,"Betty's Hope, a restored sugar plantation, provides a glimpse into the country's colonial past."
16,culture|people,It is one of the few places in the world where you can find a Rastafarian community living on a communal farm practicing Ital living.
17,nature|food,"Antiguan Black Pineapple, known as the sweetest pineapple in the world, is exclusive to this country."
18,nature|conservation,"The country is a leading advocate for marine conservation in the Caribbean, establishing protected areas to conserve its biodiversity."
19,culture|sports,"It hosts one of the most unique cricket grounds in the world, surrounded by water on three sides."
20,culture|folklore,"The local folklore is rich with tales of the 'jumbie', a type of spirit or ghost, which is said to inhabit the island."
