1,history|language|culture,"This country has one of the oldest languages in Europe, and it is not similar to any other language"
2,religion|culture,The majority of the population in this country practice Islam
3,culture|dance,"This country boasts more than 200 traditional dances, each region having its own specific ones"
4,famous person|history,"Mother Teresa, who won the Nobel Peace Prize, was from this country"
5,diaspora|culture,There are more ethnic people living outside this country than within it
6,traditions|culture,"They have a unique tradition known as 'Besa', a code of honor that means 'to keep the promise'"
7,culture|behavior,"In this country, nodding your head means 'no' and shaking your head means 'yes'"
8,nature|endangered species,"It's home to the world's most endangered mammal, the Mediterranean Monk Seal"
9,nature|flora,"It has one of the richest floras in Europe, with 3250 species of plants accounting for 30% of Europe’s flora"
10,travel|nature,"Sarandë, a beautiful town in this country, is known for its blue deep Mediterranean waters"
11,travel|history|archaeology,"The Rozafa Castle, located in town of Shkodër, is one of the country’s most famous archaeological sites"
12,nature|travel,"The 'Blue Eye' is a popular tourist spot in this country, known for its clear blue water that bubbles from a pool"
13,history|travel|UNESCO,"Home to the ancient city of Butrint, a UNESCO World Heritage Site that has remained inhabited from prehistoric to medieval times"
14,culture|food,"One of the traditional dishes is 'Byrek', a pie with layered pastry filled with cheese or spinach"
15,history|travel|architecture,"In the town of Berat, also known as the 'city of thousand windows', you can see a distinctive Ottoman architecture"
16,culture|UNESCO,"This country, though small in size, has three recognized UNESCO Intangible Cultural Heritage assets"
17,culture|traditions,"The country is known for its tradition of 'sworn virgins', women who choose to live as men for social benefits"
18,culture|traditions,"Traditionally, guests in this country are honored with special respect with the concept called 'mikpritja', or guest-honoring"
19,places|history|religion,The 15th century Ethem Bey Mosque in Tirana is famous for its frescoes and paintings
20,nature|history,"It has a unique record: the town of Shkodra has the oldest lake in Europe, which also happens to be one of the most ancient in the world"
