1,culture|history|nature,"This country is one of the world's oldest wine producers, with a tradition dating back 6,100 years."
2,culture|education,"In this country, chess is a compulsory subject in schools."
3,tourism|nature,World's longest non-stop double track cable car is located in this country.
4,culture|traditions|food,"It's a common tradition in this country to bake special bread, called gata, for birthdays instead of making a cake."
5,history|nature|religion,"Mount Ararat, which is historically part of this country's territory, is considered the resting place of Noah's Ark."
6,society|culture,This country is one of the only mono-ethnic countries in the world.
7,history|culture,The world's first known leather shoe was discovered in a cave in this country.
8,history|religion,"This country was the first nation to officially adopt Christianity as its state religion, in A.D. 301."
9,history|tourism,The ancient observatory of Karahunj in this country is often compared to Stonehenge.
10,nature|symbol,The apricot is a symbol of this country and appears on its coat of arms.
11,nature,"Despite having a small territory, this country is rich with biodiversity, hosting about half of the bird species found in Eurasia."
12,society|diaspora,"This country is the home of the world's largest Armenian-populated city, which isn't even there, it's in Los Angeles."
13,culture,"Hospitality is deeply ingrained in the culture of this country, with people going out of their way to make visitors feel welcome."
14,food|culture|history,"Lavash, a UNESCO intangible cultural heritage of humanity, is a traditional thin bread that originates from this country."
15,nature|tourism,"Lake Sevan, located in this country, is one of the highest freshwater lakes in the world."
16,history|tourism,"This country's capital was founded in 782 BC, older than Rome, making it one of the world's oldest continuously inhabited cities."
17,culture|history,"This country's alphabet has its own unique script, developed in the 5th century A.D."
18,culture|tourism,"Yerevan, the capital of this country, is often called 'Pink City' because of the color of the stones used for building."
19,food|nature,"This country is known for its rich variety of grapes, some of which are unique to the territory."
20,culture|events,"Every year this country hosts the Golden Apricot Yerevan International Film Festival, attracting filmmakers from around the world."
