1,industry|geography,This country is among the top oil producers in Africa.
2,culture|food,The national beverage of this country is coffee.
3,nature|geography,"This country contains the Namib Desert, considered the world's oldest desert."
4,history|culture,Basket weaving is a traditional and valued skill in this country.
5,nature|wildlife,It is one of only two countries in the world where the giant sable antelope can be found.
6,landmarks|religion,"This country is the home of the largest statue of Jesus in Africa, the Christ the King statue."
7,geography|nature,"The Okavango River, which never reaches the sea but instead forms an inland delta, has its source in this country."
8,industry|geography,This country is one of the main diamond producers in the world.
9,culture|history,"The national dance of this country is semba, which heavily influenced samba in Brazil."
10,geography|nature,"Despite its tropical location, it experiences a cold current, resulting in its coastline providing a rich source of fish."
11,wildlife|nature,"The country has a particularly impressive species of birdlife, boasting more than 940 species."
12,culture|traditions,"Carnivals play a significant part in this country's traditions, with one of the most popular being the Luanda Carnival."
13,food|culture,"The country's cuisine is heavily based on fish, along with spices and tropical fruits."
14,culture|music,"This country's folk music incorporates a specific type of thumb piano, known as the 'dikanza'."
15,culture|fashion,"The national dress known as 'pano' is made with bright, colourful fabrics, and worn in a traditional manner."
16,language|culture,"More than 60 languages are spoken in this country, despite it having Portuguese as an official language."
17,history|ethnic_groups,Bantu and Khoisan ethnic groups are the earliest known inhabitants of this country.
18,sports|history,The national football team has won the African Championship twice.
19,wildlife|nature,"The country is home to the endangered black palanca, found nowhere else in the world."
20,population|seasons,The population of this country triples during the dry season when nomadic herders gather near the Okavango River.
