1,culture|dance|history,This country is the birthplace of the tango dance.
2,geography,This country is the second largest in South America after Brazil.
3,culture|agriculture,"This country is one of the top wine producers in the world, renowned for its Malbec variety."
4,geography,"The world's southernmost city, Ushuaia, is located in this country."
5,agriculture,This country is the top exporter of lemons in the world.
6,sports|culture,"Pato, a game that combines elements of polo and basketball, is the national sport of this country."
7,geography|nature,"This country is home to Aconcagua, the highest peak in the western hemisphere."
8,culture|diet,This country has the highest consumption of red meat in the world.
9,population,More than 90% of the population of this country have European roots.
10,nature,This country is home to the world’s largest colony of Magellanic penguins.
11,history|nature,The largest dinosaur in the world was found in this country.
12,geography|nature,"This country is bisected by the world's second longest river, the Paraná River."
13,culture|geography,"This country is home to the vibrant city of Buenos Aires, often called 'The Paris of South America'."
14,culture,"Mate, a special type of tea, is a beloved and unique drink of this country."
15,history|culture,This country contains 15 UNESCO World Heritage sites.
16,culture,Things like dinners or social events often start late - around 10 pm or even later in this country.
17,geography,"In this country the train station 'Estación de los Sueños' is located at a height of 4,220 meters, which is one of the highest train stations in the world."
18,dance|music|culture,"This country is known for its folk dance and music traditions, such as the zamba."
19,nature|tourism,This country's Patagonia region is popular for adventurous tourism due to its unique landscapes and vast wildlife.
20,sports|history,This country hosted the inaugural FIFA World Cup in 1930.
