1,culture|history,This country is renowned for its historic and beautiful coffee houses dating back centuries.
2,culture,The people in this country consume the most amount of bottled water per capita globally.
3,nature,Over sixty percent of this country's electricity comes from renewable energy sources.
4,culture|history,This country is the birthplace of famous classical music composers like Mozart and Beethoven.
5,culture,"Hotels in this country have a special 'fried egg service', where fresh eggs are brought to the table to be prepared in front of guests."
6,history,It was in this country that the world's first postcard was sent in 1869.
7,history,"The inventor of the modern automobile, Ferdinand Porsche, was born in this country."
8,nature|culture,This country is home to many well-known ski resorts in the Alps such as St.Anton and Bad Gastein.
9,nature,There's a national park in this country that contains over 800 caves that can be explored by the public.
10,culture,A famous annual international film festival takes place in this country's picturesque mountain village of Locarno.
11,culture,"This country was the original producer of the energy drink, Red Bull."
12,history,The largest emerald in the world was found in this country.
13,culture,"Esterházy Torte, a delicious cake made with walnuts and rum, originated from this country."
14,history|culture,"This country is home to the world's oldest still-operating zoo, the Tiergarten Schönbrunn."
15,nature,"In this country, you can find Europe's largest intact forest, Kalkalpen National Park."
16,culture,Many of the scenes from the iconic film The Sound of Music were filmed in this country.
17,history|culture,"The Austrian School of Economics, a significant school of economic thought, originated in this country."
18,culture|history,"Lipizzan horses, famous for their performances at the Spanish Riding School in Vienna, originated in this country."
19,history,"It is in this country that the world's largest emerald, the 'Emerald Unguentarium', was found."
20,history|culture,"Famous psychologist and founder of psychoanalysis, Sigmund Freud, was born in this country."
