1,nature,This country is home to the world's largest coral reef system.
2,nature|culture,"It has more than 10,000 beaches, more than any other nation."
3,culture|history,This country's indigenous cultures are among the oldest known human cultures on Earth.
4,nature,The unique wildlife includes animals like kangaroos and koalas that are not found naturally anywhere else.
5,culture|history,It was the second country in the world to grant women the right to vote.
6,history|culture,This nation is famous for inventing the black box flight recorder.
7,culture,There are more than 60 designated wine regions across the country.
8,culture|sport,This country hosts a famous international yacht race from Sydney to Hobart every year.
9,history|nature,It has a mountain named after a Polish revolutionary and national hero.
10,history|nature,"The world's oldest fossil, which is about 3.4 billion years old, was found here."
11,geography,This nation is the only one to occupy an entire continent.
12,nature|geography,It is home to the largest sand island in the world.
13,nature,This country has over 500 national parks covering more than 28 million hectares.
14,nature,"It has a pink lake, Lake Hillier, that is famous for its vivid pink color."
15,nature|culture,The Great Ocean Road is considered one of the world's most scenic coastal drives.
16,culture|history,This country's opera house is a UNESCO World Heritage Site and an iconic architectural masterpiece.
17,nature|culture,It has a ski resort that is operational during the southern hemisphere winter.
18,culture|history,The indigenous art is one of the oldest ongoing art traditions in the world.
19,economy|nature,This nation produces the majority of the world's opals.
20,culture,"It is known for a unique coffee culture, particularly in Melbourne, which is often cited as the coffee capital of the world."
