1,geography|resources,This country is known as the Land of Fire because of its rich deposits of natural gas and oil.
2,culture|traditions,"Traditionally, locals invite guests to drink tea served in a pear-shaped glass known as armudu."
3,history|art,"Gobustan Rock Art Cultural Landscape contains more than 6000 rock engravings dating back between 5,000 - 40,000 years."
4,nature|geography,"It is home to a unique subspecies of pomegranate found nowhere else in the world, called Goycay Nar."
5,history|geography,"Khinalug, one of the oldest continuously inhabited places in the world, is found in this country's mountains."
6,culture|holidays,"people of this country celebrate Novruz, a traditional holiday marking the new year and the arrival of Spring."
7,geography|nature,"This country hosts one of the largest mud volcanoes in the world, named Toragay."
8,history|resources,"It produced the world's first known oil well, in the suburb of Bibi-Heybat, in 1846."
9,history|art,"Sheki Khan's Palace, a significant historical monument, is renowned for its impressive frescoes and exquisite stained glass work."
10,culture|food,"This country's culinary specialty, dolma, is a preparation of stuffed vegetables or vine leaves."
11,culture|sport,Its people love playing chess and this country has produced many renowned chess players.
12,culture|music,"They have a unique musical tradition known as mugham, listed as Intangible Heritage by UNESCO."
13,culture|art,The carpet weaving skill of its people is recognized by UNESCO as part of the world's intangible cultural heritage.
14,geography|health,"In this country, a salt mountain called Duzdag is believed to have therapeutic effects."
15,geography|nature,"This country is home to one of the world’s few ‘flaming mountains’, Yanar Dag, where a natural gas fire has been burning for thousands of years."
16,culture|traditions,"Its people have a unique tradition of carpet washing ceremony, during which the carpets are cleaned and beaten with a wooden stick."
17,culture|literature,"It has one of the world's tiniest book - a 6mm x 9mm, 22-page book that is in the collection of the Baku Miniature Books Museum."
18,nature|biodiversity,This country's Goygol National Park is a biodiversity hotspot that is especially known for its different bird species.
19,culture|traditions,The residents of this country value hospitality and it's common to invite strangers into their homes for a meal.
20,geography|nature,A majority of this country's landscapes are formed by the Greater Caucasus mountain range.
