1,nature|geography,"This country is home to the last remaining jungle in Europe, called Perucica."
2,culture|lifestyle,The people of this country famously drink more coffee per capita than any other nation in the world.
3,architecture|history,"The historic city in this country, Mostar, is home to Stari Most, a beautiful 16th-century Ottoman bridge."
4,geography,"This country’s territory is shaped like a heart, it is often referred to as the 'Heart Shaped Land'."
5,history|culture,"Illyrians, ancient Indo-European people, were the earliest known inhabitants of this country."
6,economy,This nation is the only European country that exports more electricity than it imports.
7,nature|geography,Tara River in this country has the cleanest water in the world.
8,culture|language,"This country has three official languages, none of which are English."
9,history|culture|architecture,"Stećci, medieval monolithic tombstones, that originated in this country, are a UNESCO World Heritage Site."
10,architecture|history,"In this country, there is a unique village Bascarsija that has preserved its oriental architecture since the 15th century."
11,culture|lifestyle,"In traditional houses (called Sarajevska kuća) in this country, guests are always received in the room called 'čardak'."
12,culture|tradition,This country's traditional dress 'Ječerma' is still worn by women on special occasions and holidays.
13,religion|culture,"In this country, there is a tradition of firing a cannon from one of the hills surrounding Sarajevo every day at sunset during Ramadan."
14,nature,"Kravice Waterfall, often called the 'Mini Niagara', is located in this country."
15,architecture|culture,The national library of this country is considered one of the most beautiful in the world.
16,history,"In this country, the Tunnel of Hope which was used during the Siege of Sarajevo has now been turned into a museum."
17,history|architecture,"This country’s capital has a bazaar called 'Baščaršija', dating back to the 15th century, with cobbled streets and oriental architecture."
18,nature|geography,"Vrelo Bosne, located in the capital city of this country, is one of the country's top natural landmarks."
19,society,This country is one of the world's most mine-contaminated countries.
20,architecture|religion,"In this country, you can find the Sacred Heart Cathedral, which is the largest cathedral in the country and one of the most iconic buildings in its capital."
