1,culture|history,"This country is the birthplace of rum and is home to the oldest rum distillery in the world, dating back to 1703."
2,geography,"This country is completely surrounded by the Atlantic Ocean, not the Caribbean Sea."
3,nature|geography,"Unlike many Caribbean islands, this country is not a volcanic island but is primarily composed of limestone-coral formation."
4,culture|history|nature,"This country has around 52% percent of its land surfaced filled with sugar cane plantation, which was brought by the Europeans in the 1640s."
5,culture|sports,The national sport of this country is cricket and it has produced some of the world's best cricket players.
6,nature,It is one of the few places in the world where you can find the unique Baobab tree outside of Africa.
7,nature|tourism,"This country has an underground lake known as Harrison's Cave, a crystalline limestone cavern and a popular tourist destination."
8,culture,"The people of this country are known as Bajans, and English is their official language, spoken with a distinctive Bajan dialect."
9,nature|tourism,"This country is known for its abundant wildlife reserves, marine parks, and stunning coastal views."
10,culture|history,"In this country, the last Sunday in July is celebrated as the Day of National Heroes which pays tribute to the key individuals who have contributed to the country's status."
11,nature|tourism,"Graeme Hall Nature Sanctuary is the last significant mangrove woodland left on the island, which is an important habitat for many migratory bird species."
12,culture|food,"This country has a unique culinary style, featuring dishes such as flying fish and cou-cou, its national dish."
13,culture|music,"The music scene of this country is vibrant, with notable offerings in Reggae, Calypso, and its own invention, Spouge music."
14,culture|history,"This country celebrates its independence day on the 30th of November, which is a major national holiday and celebrated with a variety of festivities."
15,culture,The traditional dress of this country is the Mother Sally costume; a frilled dress adorned with vibrant colors and patterns typically worn during cultural festivals.
16,culture,"In honor of their independence, this country hosts a month-long celebration known as Independence Festival of Creative Arts or NIFCA showcasing local talent in dance, drama, music and more."
17,nature,"It's climate supports a diverse range of flora and fauna, including over two hundred species of birds."
18,history|tourism,"Gun Hill Signal Station, built in 1818, is a notable historical site, offering panoramic views of the entire country."
19,history|culture|tourism,"It is known for its UNESCO World Heritage site, the Historic Bridgetown and its Garrison, which contains a collection of British colonial architecture buildings."
20,culture|food|tourism,"Oistins Fish Fry, a weekly street-side cookout, is a beloved tradition in this country that attracts locals and tourists alike."
