1,industry|agriculture,"This country is the world's largest producer of jute, a long, soft, shiny vegetable fiber that can be spun into coarse, strong threads."
2,nature|wildlife,"It is home to the Bengal Tiger, one of the largest and most feared predators in the world."
3,education,This country's literacy rate has increased by over 40% in the past decade.
4,geography|nature,"It is crisscrossed by more than 700 rivers, making the country a collection of islands."
5,nature|geography,"The Sundarbans, the largest mangrove forest in the world, is located in this country."
6,history|culture|famous_people,"Nobel laureate Rabindranath Tagore, who composed the national anthem of this country, was born here."
7,culture|festivals,"This country celebrates the biggest new year festival in the world, known as Pohela Boishakh."
8,religion|culture,"It houses the Bishwa Ijtema, the second largest Muslim congregation in the world."
9,culture|food,"The inhabitants of this country are known to drink a strong, sweet tea known as cha."
10,culture|society,"The people of this country have a matriarchal society, with women making many of the important family decisions."
11,geography|tourism,"This country is home to the widest sandy sea beach in the world, Cox's Bazar."
12,culture|sports,"Cricket is more than a sport in this country, it's akin to a second religion."
13,culture|society,The people of this country are known for their hospitality and friendliness.
14,culture|religion,"The Bandarban Golden Temple, the largest Theravada Buddhist temple in this country is a significant religious site."
15,history|archaeology,"The ancient archaeological site of Mahasthangarh, one of the earliest urban archaeological sites in this country, represents its rich past."
16,history|archaeology,"The oldest known city in this country is Pundranagara, dating back to 400 BC."
17,population,"Despite being a small country in terms of territory, it is the eighth-most populous country in the world."
18,industry|culture,"It is known for its colourful fabric and textile industry, which is one of the largest in the world."
19,transport|culture,"In this country, rickshaws outnumber cars on the road - they are a very popular form of transport."
20,culture|heritage,Handloom weaving is considered a symbol of the cultural identity and heritage of this country.
