1,culture|food,This country is renowned for producing over 2200 varieties of beer.
2,culture|art,"The comic strip was so popular here that it's considered the ninth art, with over 700 comic strip authors hailing from this country."
3,culture|food,"It is home to the world's biggest chocolate selling point, with chocolate bars and pralines being a staple."
4,history|culture,The world's first casino opened in this country in the 1760s.
5,culture|entertainment,"This country introduced the world to the Smurfs and Tintin, beloved characters in international pop culture."
6,culture|nature,"A town in this country has a music festival where the entire town is covered in flowers, particularly begonias."
7,nature,It has a forest known as the 'Blue Forest' because of the bluebell carpet that covers the forest floor in spring.
8,culture|food,"In this country, fries are claimed to have originated, and they come served with a variety of over 50 sauces."
9,history,The Zebra Crossing was first used in this country to regulate pedestrian crossings.
10,history|architecture,"This country is the site of the world's first skyscraper in Europe, built in 1928."
11,history|architecture,It has more castles per square kilometer than any other country in the world.
12,culture|nature,"This country's Royal Greenhouses are only open to the public for a few weeks each year, showcasing a vast collection of flora."
13,culture|food,"A traditional dish here involves cooking mussels with fries, known locally as 'moules-frites'."
14,culture|history,"It is home to a unique folklore character, a little boy statue who is often dressed in costumes and has over 1000 outfits."
15,culture|sports,"The world's biggest cycling race has often started from this country, known for its love of the sport."
16,culture|law,This country has a law that allows its citizens to request a comic strip mural on their property's walls.
17,history|education,"One of the universities in this country is among the oldest in the world, founded in the 15th century."
18,culture|art,"It is famous for its surrealistic art, being the birthplace of René Magritte."
19,culture|economy,The diamond district in one of its cities is known for trading more than 80% of the world's rough diamonds.
20,culture|music,"A bridge in this country is adorned with giant saxophones to honor the inventor of the saxophone, who was born here."
