1,history,"This country was once part of the powerful Mossi Kingdoms, which existed from the 11th to the 19th century."
2,culture,"In this country, music and dance play a large part in the culture, with the Bobo People known for their masks and grand music festivals."
3,nature|animals,It is one of the few places on Earth where you can find the endangered West African Lion.
4,nature|economy,"Geologically, it sits in a major gold-bearing district, making it the 4th largest producer of gold in Africa."
5,culture|events,"This country is known for a monumental film festival, known as FESPACO (Pan African Film and Television Festival of Ouagadougou), held every two years."
6,culture|people,"Interpersonal relationships and community are highly valued in its society, a cultural aspect known as 'Sanfo', meaning the quality of being a good person."
7,economy|people,It is predominantly a rural society where half of the population depends on subsistence farming.
8,culture|history,Men from this country invented the Djembe drum that has now gained worldwide popularity.
9,nature|tourism,"In this country, you can see the 'Falls of Karfiguéla', one of the most beautiful falls of West Africa."
10,history|tourism,"It is home to the Ruins of Loropéni, a UNESCO World Heritage site and the oldest in West Africa."
11,culture,"This country is known for its unique theater style called 'Koteba', a blend of comedy, social commentary and traditional dance."
12,culture|people,"Bissa tribe women in this country are known for creating distinctive pottery styles, passed down through generations."
13,nature|tourism,"In the southeast, there is the 'Arli National Park', home to around 200 species of birds."
14,culture|economy,"It holds the largest craft market in Africa, where all the ethnic groups of the country converge and exhibit their different crafts."
15,culture,"In this country, Islam, Christianity and indigenous beliefs coexist peacefully, making it a melting pot of religious diversity."
16,culture|food,"It is known for an outdoor tradition called 'the Dodo', which is all about cooking and eating together while enjoying music and dance."
17,food|culture,"A traditional dish called 'Riz Gras' or 'Fat Rice', is a staple, cooked in a tasty and spiced tomato sauce."
18,culture|architecture,"The Gourounsi People are famous for their bold, geometric designs in architecture."
19,nature|tourism,"In this country, you can find the beautifully mysterious 'Sindou Peaks', a breathtaking natural landmark composed of towering sandstone formations."
20,geography,"It is a landlocked country, situated in the West African savannah belt."
