1,history,This country is the oldest country in Europe that hasn't changed its name since it was first established.
2,culture|history,"The Cyrillic script, used by millions around the world, was developed in this country during the 9th century."
3,nature|economy,"Home to the Rose Valley, this country produces nearly 85% of the world's rose oil, an essential ingredient in perfumery."
4,history|culture,"The city of Plovdiv, within this country, is among the oldest continuously inhabited cities in Europe."
5,culture|traditions,"This country hosts a unique festival called the Nestinarstvo, where participants perform a fire-dancing ritual barefoot on smoldering embers."
6,culture|history,"The Rila Monastery, a stunning example of this country's cultural heritage, is a UNESCO World Heritage Site."
7,nature|travel,"Seven Rila Lakes, located in this country, offer breathtaking glacial landscapes and are a popular hiking destination."
8,culture|food,"The traditional salad from this country, Shopska Salata, is a refreshing mix of tomatoes, cucumbers, onions, and cheese."
9,economy|nature,This country is the world's second-largest exporter of sunflower seeds.
10,history|culture,"The Varna Necropolis, discovered in this country, revealed the oldest gold treasure in the world, dating back over 6,000 years."
11,nature|travel,"Musala, the highest peak in this country, offers challenging climbs and spectacular views across the Balkans."
12,travel|nature,"The town of Bansko, within this country, is renowned for its world-class skiing facilities and picturesque mountain scenery."
13,culture|travel,"The Kapana district in Plovdiv is known for its vibrant streets, artisan shops, and lively arts scene."
14,culture|traditions,"This country celebrates Baba Marta on March 1st, a tradition where people exchange red and white adornments to welcome spring."
15,nature|travel,"The Belogradchik Rocks, a group of bizarrely shaped sandstone formations, are among this country's most fascinating natural landmarks."
16,culture|music,"This country has a rich tradition of folk music and dances, with the kaval, a type of wooden flute, being particularly iconic."
17,history|culture,"The Madara Rider, an early medieval large rock relief carved on the Madara Plateau, is another UNESCO World Heritage Site in this country."
18,culture|traditions,"Kukeri, a traditional festival in this country, features participants in elaborate costumes and masks parading to scare away evil spirits."
19,food|culture,"The yogurt from this country is famous worldwide for containing a unique bacteria, Lactobacillus bulgaricus, essential for its production."
20,history|travel,"The city of Sofia, one of the oldest in Europe, offers a mix of Roman ruins, medieval buildings, and modern architecture."
