1,geography|nature,It is an archipelago made up of more than 30 islands in the Persian Gulf.
2,geography|history,"A significant portion of the land has been reclaimed from the sea, increasing the country's total size by about a quarter since the 1970s."
3,nature|wildlife,"Despite its arid climate, this country is home to more than 200 species of birds as a stopping point in their migration."
4,history|culture,This country was once the center of the ancient Dilmun civilization around 2000 BC.
5,history|culture,Burial mounds dating back to the Dilmun era can still be seen in A'ali village.
6,culture|history,"Its National Museum houses artifacts dating back to the country's earliest civilization, including the Durand Stone."
7,economy|history,"It was one of the first Gulf states to discover oil, but now it's less dependent on oil than any other Gulf country."
8,culture|food,It is recognized for its hospitality and is reputed to be the Middle East's sweetest nation with a love for confectionery.
9,nature|tourism,"The 'Tree of Life,' a 400-year-old mesquite tree standing alone in the desert, is one of the country's major tourist attractions."
10,sport|tourism,This country hosts a Formula 1 Grand Prix race annually on its international circuit.
11,history|economy,"Pearl fishing was the primary economy before the discovery of oil, and the country is known as 'Island of Pearls'."
12,economy|history,It is the first Gulf State that has entered the post-oil era and the most diversified economy in the region.
13,culture|society,People of this country are known for their cosmopolitanism and tolerance.
14,language|society,"Arabic is the official language, but English is widely spoken and used in business."
15,culture|history|tourism,There's a UNESCO World Heritage site located in Muharraq that shows the traditional use of pearling in the country.
16,history|tourism,"The Qal'at al-Bahrain, an archaeological site, also has UNESCO World Heritage status."
17,culture|sport,"Horse riding and racing are also significant aspects of the country's culture, including the Arabian horse racing."
18,culture|music,"The country's music style, known as Sawt, is an established genre that blends African, Indian, and Persian Gulf music styles."
19,culture|arts,"Traditional crafts and arts, including weaving, embroidery and gold-smithery, continue to be practiced."
20,culture|religion,This nation has the only synagogue in the Arabian Peninsula.
