1,culture|population,"This country is one of the few in Africa where the population is divided into three significant ethnic groups - Hutu, Tutsi, and Twa."
2,language|culture,"The official languages of this nation are Kirundi and French, with English also gaining acceptance in recent years."
3,population|geography,This country is one of the most densely populated countries in Africa.
4,culture|society,"In this country, the cow is a symbol of wealth and status, especially among the rural population."
5,nature|geography,"One of the country's largest and most important protected areas is Kibira National Park, which is a part of the Congo-Nile Divide."
6,culture|music,"In this country's tradition, drumming is not only a musical art form but also a symbolic representation of the nation."
7,geography|nature,This nation is landlocked and most of its western border is marked by Lake Tanganyika.
8,history|culture,"Gitega, the second largest city, holds significant historical importance and was once the royal capital of the nation."
9,religion|culture,"The majority of people in this country are Roman Catholic, although there are significant Protestant and indigenous religious communities as well."
10,sport|culture,"A traditional sport in this country is Urukiramende, which is similar to wrestling and is popular in rural areas."
11,culture|traditions,"Despite its size, this country is culturally rich with many oral and literary traditions, as well as traditional dances like the intore."
12,culture|food,"Traditional Burundian cuisine primarily consists of staples such as beans, corn, and cassava."
13,health|society,This country is one of the five nations where malaria is most prevalent.
14,culture|society,"In this country, the extended family is the main social unit in rural areas."
15,economic|society,This nation is one of the world's least developed countries and relies heavily on agriculture for its economy.
16,nature|geography,"Evergreen forests cover the mountains of this country, while grasslands and woodlands are found in the lowlands."
17,music|culture,"Gishora drum sanctuary, located in this country, showcases the ancient drumming traditions and rituals important in this country's culture."
18,culture|sport,"Cycling is a popular mode of transportation in this country, and local races are held regularly."
19,population|society,The population's average age in this nation is one of the youngest in the world.
20,nature|wildlife,"The Rusizi National Park in this country is home to numerous species of birds, crocodiles, and hippos."
