1,religion|culture|festivals,This country is considered the birthplace of voodoo and holds an annual Voodoo Festival.
2,history|architecture|heritage,The Abomey historical site in this nation reflects the unique architecture of the past Dahomey Kingdom.
3,nature|wildlife|ecosystems,This country's Pendjari National Park is one of the largest intact ecosystems in West Africa.
4,culture|lifestyle|architecture,"Despite the modern era, some people in this country still live in stilt houses in Lake Nokoué and Lake Ahémé."
5,languages|culture,"The official language is French, but over 50 languages have been identified in this country."
6,sports|traditions,"One of the most popular traditional sports of this country is Savika, a form of bull-wrestling."
7,culture|dance|traditions,"The country is known for its Gelede mask and dance ceremonies, which pay homage to the spiritual power of women."
8,history|monuments,This country's intriguing Door of No Return monument represents one of the most significant points of the Atlantic Slave Trade.
9,culture|architecture|heritage,"In northern regions, the resilient Somba people maintain their centuries-old fortress-like Tata Somba houses."
10,music|culture,This country's music is dominated by traditional rhythms like Tchinkoumé and Agbadja.
11,culture|traditions,"They have a tradition of twin worship, as twins are believed to possess special magical powers."
12,history|heritage|architecture,"This country is home to the Royal Palaces of Abomey, which is a UNESCO World Heritage site."
13,economy|agriculture,"The economy of this country strongly relies on its agriculture, with cotton being the chief crop."
14,culture|art|folklore,"The people of this country, Fon people, are famous for their appliquéd banners and Yoruba-inspired carved masks."
15,economy|agriculture,This nation is the world's fourth-largest producer of palm oil.
16,tourism|architecture|culture,The tourist-friendly Ganvie is the largest lake village in Africa and is often called the 'Venice of Africa'.
17,nature|biodiversity|heritage,"The country is home to the W National Park, a UNESCO World Heritage site known for its rich biodiversity."
18,culture|folklife|history,"The tradition of oral storytelling is very important in this country, where griots (traditional storytellers) preserve the local history."
19,fashion|culture,This country's traditional clothing often includes bright and colourful wax printed fabrics.
20,history|national symbol,"This country’s flag was officially adopted on November 16, 1959, and it’s made up of three equal horizontal bands of green, yellow, and red."
