1,economy|nature,This country is considered one of the wealthiest nations in the world due to its high reserves of oil and gas
2,culture|sports,"Silat, a Malay martial art form, is one of the cultural significant practices in this country"
3,economy,"In this country, there is no income tax for individuals and corporations"
4,culture|traditions,"In this country, a tradition is handing guests yellow rice packed in a cone-shaped container made from banana leaves"
5,landmarks,You can find here the largest floating village in the world named Kampong Ayer
6,culture|traditions,"'Adat Istiadat', a traditional code of conduct, plays a significant role in social etiquettes of this country"
7,history|culture,"Bearing one of the oldest reigning monarchies, the ruler of this country is both the Head of State and the Prime Minister"
8,architecture|culture,"The stilt houses, traditionally built along riverbanks, make a significant part of residential architecture in this country"
9,culture|food,"Several spices, such as star anise, cinnamon, and cardamom, are extensively used in the local cuisine of this country."
10,religion,"In this country, the majority of the population practises Islam and the country's law incorporates Sharia law"
11,culture|history,"The national philosophy of this nation is Melayu Islam Beraja, which translates to 'Malay Islamic Monarchy'"
12,culture|transport,"Despite its small size, this country has one of the highest rates of car ownership in the world"
13,nature|travel,"This country's largest national park, Ulu Temburong National Park, is only accessible by boat"
14,culture|education,Education up to secondary level is free for citizens in this country
15,landmarks|history,"The largest bell in Southeast Asia, known as the 'Bell of the Sultan of Brunei', can be found in this country"
16,nature|wildlife,"This country's rainforest is home to proboscis monkeys, that can't be found in the wild anywhere else in the world"
17,geography|history,This country is one of only two nations in the world that are completely sovereign states on Borneo island
18,culture|lifestyle,"Employees in this country benefit from a short work week, with Friday being an off day for many"
19,luxury|transport|lifestyle,The Sultan of this country owns one of the largest car collections in the world
20,culture|landmarks|exhibits,This country pavilion was among the most visited at the Expo 2010 in Shanghai due to the replica of Kampong Ayer and Rainforest Canopy Walkaway
