1,geography|military,"This country is landlocked, despite having a navy."
2,geography|record,"It has the highest 'capital' city used as a seat of government in the world, at 3,650 meters above sea level."
3,geography|nature|record,"This country is home to the world's largest salt flats, the Salar de Uyuni."
4,culture|languages,Over 30 indigenous languages are officially recognized in this country.
5,culture|symbols,"The national flag of this country has a square shape, which is unique among national flags."
6,people,People from this country are called Bolivians but also have other local names based on their indigenous heritage.
7,history|nature,This country has preserved one of the best preserved clusters of dinosaur footprints in the world in Cal Orcko.
8,economy|agriculture,This country is one of the largest producers and exporters of quinoa in the world.
9,geography|nature,"This country is where the Andes are the widest, and contain many peaks reaching over 6,000 meters."
10,nature|wildlife,"In this country, one of the rarest animals on earth, the pink river dolphin, can be found in its Amazonian rivers."
11,culture|places to visit,"In this country, the witches' market of La Paz is well-known for selling various traditional remedies and artifacts."
12,culture|events,"The Carnival of Oruro is one of the biggest and most impressive cultural events, recognised by UNESCO."
13,culture|fashion,"This country is known for the traditional art of weaving, and indigenous women often wear bowler hats."
14,history|places to visit,"This country contains many Inca ruins, second only to its eastern neighbor."
15,nature|biodiversity,"In this country, the Madidi National Park is considered one of the most biodiverse in the world."
16,economy|mining,"This country is rich in minerals, especially tin and lithium."
17,culture|dance,"In this country, the Tinku dance is a traditional warrior dance, still practiced in May."
18,geography|places to visit,"This country is home to the Yungas Road, also known as 'Death Road' due to its dangerous terrains."
19,wildlife|laws,Jaguar hunting is banned in this country as of the mid-20th century.
20,culture|animals,"The indigenous people of this country traditionally celebrate the llama, a domesticated pack animal from the camelid family."
