1,geography,"This country is the largest in South America, both by land area and population"
2,culture|economy,"It is the world's top coffee producer, producing about a third of all coffee"
3,nature|geography,"The Amazon Rainforest, which is the largest rainforest in the world, is situated primarily in this country"
4,culture|tourism,"It is famous for its yearly colorful carnival, which attract millions of tourists"
5,culture|landmarks,"There's an enormous statue, called Christ the Redeemer, overlooking its biggest city from a mountain"
6,wildlife|nature,This country has the greatest variety of animals of any country in the world
7,culture|music,"It's home to a vibrant music scene, with styles like Samba, Bossa Nova, and Funk Carioca originating here"
8,funfacts|culture,"It has a town called 'Nao-Me-Toque', which translates to 'Do not touch me'"
9,culture|history,"Capoeira, a martial art that combines elements of dance, acrobatics and music, originated from this country"
10,history|economy,"This country's native population contributed significantly to the world’s agricultural industry by introducing foods like cassava, cashew nuts, and acai"
11,culture|society,It houses the largest Japanese community outside Japan
12,culture|sports,"This country has a love affair with football, having won the FIFA World Cup more times than any other country"
13,culture|famous people,"Many of the world’s top models are from this country, including Gisele Bündchen and Adriana Lima"
14,economy|transport,It has the second highest number of airports within its borders in the world
15,nature|geography,"The Pantanal, the world's largest wetland, is located mostly within this country"
16,culture|society,The indigenous tribes of this country speak around 180 different languages
17,culture|society,This country’s citizens often greet each other with a kiss on each cheek
18,history|economy,The name of this country is actually a reference to a certain type of tree that was once its main export
19,economy|nature,"It boasts a wide variety of gemstones, and is the world's leading supplier of coloured gemstones like emerald, amethyst, and topaz"
20,culture|tourism,"It is famous for its intricately-adorned floats during its Carnival parades, some being as high as three-story buildings"
