1,geography,"This country is made up of over 700 islands, cays, and islets in the Atlantic Ocean."
2,economy,"It has the third highest per capita GDP in the Americas, following the United States and Canada."
3,culture|food,"The national dish in this country is conch, prepared as salad, soup or fritters."
4,nature,"It is known for its clear waters, with a visibility of over 60 meters in some areas."
5,culture|festivals,"Twice a year, this country is filled with vibrant colors and music in a festival known as 'Junkanoo'."
6,nature,It is home to the third largest barrier reef in the world.
7,people,Natives in this country are referred to as Bahamians.
8,nature|tourism,"The Pink Sand Beach, famous for its distinct color, is one of its major attractions."
9,wildlife|nature,The famous 'March of the Flamingos' takes place in this country.
10,history,It's the site of Columbus' first landfall in the 'New World' in 1492.
11,culture,"This country is largely influenced by the Afro-Bahamian culture and customs, which are echoed in its music, carnivals, and local vernacular."
12,language,"English is the official language, however, an English-based creole language is spoken by Bahamians."
13,geography,The highest point in this country is only 63 meters above sea level.
14,economy,"It is one of the richest countries in the Americas, with an economy based on tourism and finance."
15,nature,The Blue Holes National Park in this country has underwater sinkholes over 600 feet deep.
16,wildlife|tourism,It is home to swimming pigs; a popular tourist attraction.
17,nature,This country has the longest underwater cave system in the world.
18,nature,The Andros Barrier Reef in this country is over 140 miles long.
19,religion,The majority of the population in this country identifies themselves as Christian.
20,sports,"Baseball is extremely popular in this country, with numerous Bahamians playing in the U.S major leagues."
