1,environment|nature,"This country is the only one in the world that absorbs more CO2 than it produces, thanks to its rich forest cover."
2,culture|society,The country measures prosperity through Gross National Happiness instead of GDP.
3,religion|travel,It is a predominantly Buddhist nation with many breathtaking monasteries perched on cliff faces.
4,sports|culture,"The national sport is archery, with competitions usually incorporating music and dance."
5,history|technology,"It was one of the last nations to introduce television and the internet, only in 1999."
6,culture|traditions,Traditional dress (Gho for men and Kira for women) is compulsory for Bhutanese in many public places.
7,culture|belief,"It's not uncommon to see phallus symbols painted on houses or hung as charms, as they are thought to ward off evil spirits."
8,nature|wildlife,The country's wildlife includes over 700 species of birds and the elusive snow leopard.
9,travel|architecture,The Paro Taktsang monastery ('Tiger’s Nest') is a highlight for travelers due to its stunning cliffside location.
10,history|travel,"Only until 1974, this country was completely closed off to tourists to preserve its culture and traditions."
11,nature|traditions,"Climbing mountains higher than 6,000 meters is prohibited since people believe it could bother their mountain deities."
12,culture|food,"Chilli peppers are essential to the local cuisine and are often the main ingredient, not a spice."
13,religion|culture,This country is the only one in the world to officially follow Tantric Buddhism.
14,wildlife|nature,"Its national animal, the Takin, is a rare mammal found only in the Eastern Himalayas."
15,culture|festivals,"An annual festival named 'Tshechu' marked by music, dance and masks is the most important in the area."
16,nature|health,The country boasts many hot springs which are popular for their medicinal properties.
17,culture|transport,"This nation didn't have a single traffic light until recently, and even then the people protested against it."
18,travel|culture,The capital's clock tower square is a popular venue for cultural events and music concerts.
19,culture|history,"Polyandry (one woman marrying multiple men) was a common practice, especially in rural areas."
20,law|health,The production and sale of tobacco are banned in this country making it the only smoke-free nation in the world.
