1,economy|natural resources,This country is one of the world's biggest producers of diamonds.
2,culture|wildlife,"In this country, the national animal is the African Elephant, which is also the largest land mammal."
3,culture|agriculture,"Traditionally, in this country, people practice subsistence farming and raise livestock."
4,wildlife|nature,This nation boasts a diverse range of wildlife and is home to many national parks and game reserves.
5,nature|landmark,The Okavango Delta in this country is one of the world’s largest inland water systems.
6,nature|wildlife,"Despite its arid environment, this country boasts the thriving ecosystem of Chobe National Park."
7,culture|history,"In this country, the 'kgotla', a traditional public meeting place, still plays a key role in local decision-making."
8,culture|history|landmark,The Tsodilo Hills in this country are home to one of the highest concentrations of rock art in the world.
9,culture|art,This country has its own tradition of painting which is known as the 'Thune' art.
10,nature|landmark,"The Kalahari Desert covers a large part of this country, even though it's not technically a desert."
11,nature|landmark,"This country is home to one of the world's most unique natural wonders, the Makgadikgadi Salt Pans."
12,culture|education,"This country boasts a network of 'mophato', traditional initiation schools where young people learn cultural values."
13,culture|people,"A large group of San or Basarwa people, famous for their 'click' languages, reside in this country."
14,wildlife|conservation,Fifth of its total land has been set aside for national parks and reserves.
15,culture|history|art,"In this country, glass beads are commonly used in traditional jewellery and are a symbol of the nation's history and culture."
16,geography|nature,"This country is landlocked, and most of its territory is covered by the Kalahari Desert."
17,culture|language,A large percent of the population of this country speaks Setswana at home.
18,culture|cuisine,Meat from both domesticated and wild animals is very popular in traditional cuisine.
19,culture|art,"The people of this nation are known for their metalwork, particularly in copper and iron."
20,culture|festival,"A highlight of this country's calendar is the 'Maitisong' festival, a week-long event of theatre, music, dance, and poetry."
