1,nature|geography,"This country is often referred to as 'The lungs of Europe', as over 40% of it is covered by forests."
2,nature|geography,"This country is home to 12,000 radiant lakes."
3,culture|history,The famous Christmas ornament industry started in this country.
4,nature|biodiversity,"In this country, you can find more than 100 species of birds and around 70 species of mammals."
5,nature|animals,"Europe’s largest mammal, the Bison, found a sanctuary in this country's primeval forests."
6,history|infrastructure,The country is home to Europe’s deepest railway station located 110 meters under the surface.
7,culture|food,"This country's traditional cuisine involves a lot of potato dishes, over 300 to be exact."
8,history|architecture,This country is often known as the country of castles due to an exceptionally high number of castles and manor homes.
9,culture|tradition,"In this country, hand embroidery has existed for centuries and is traditionally practiced by women."
10,culture|art,The striped weaving technique called 'limochka' is unique to this country's folk art.
11,history|monuments,"It is home to Brest Hero-Fortress, a massive WWII memorial complex."
12,history|UNESCO sites,The UNESCO World Heritage site of Mir Castle Complex is situated in this country.
13,culture|language,"The locals in this country use slang called 'trasianka', a mixture of Belarusian and Russian languages."
14,nature|animals,"The dinosaur-sized catfish, Brachysoma, is a native of this country's water bodies."
15,culture|holidays,"Statues of Grandfather Frost, a holiday figure similar to Santa Claus, are common in this country."
16,culture|drinks,This country was the place where the word 'vodka' was first recorded in the late 8th century.
17,nature|industry,Aquatic plants from Belarusian marshes are used in the production of medicines and cosmetics.
18,nature|parks,"One of the oldest forests of Europe, the Belovezhskaya Pushcha National Park, is located in this country."
19,culture|festivals,"This country hosts International Art Festival Slavianski Bazaar, one of the largest cultural events in Eastern Europe."
20,geography|economy,Most of the country's trade happens through land routes as it is landlocked.
