1,nature|wildlife,"This country has the only Jaguar Reserve in the world, known as Cockscomb Basin Wildlife sanctuary."
2,history|culture,It is considered the heart of the ancient Maya civilization.
3,culture|language,It is the only English speaking country in Central America.
4,nature|history,"Blue Hole, a world famous diving spot, dating back 150,000 years is located here."
5,wildlife|nature,This country is home to the world’s first and only lodge to become a dedicated Jaguar Preserve.
6,nature|geography,This nations's Barrier Reef is the longest reef in the western and northern hemispheres.
7,nature|tourism,Hummingbird Highway is one of the most scenic drives in this country.
8,history|culture,"Caracol, one of the largest Maya sites in Mesoamerica, is located in this nation."
9,nature|geography,"This country is known for its diverse ecosystems, which includes swamps, jungles, and mountains."
10,culture|food,Residents of this country consume more chicken and rice than any other dish.
11,culture|education,"Unlike most countries, one can start school at the age of 3 in this country."
12,nature|wildlife,"Despite its small size, this country boasts a wonderful diversity of bird species, around 600 differents types."
13,nature|economy,"This country's agriculture is famous for its citrus fruits, sugar and bananas."
14,history|culture,"This country celebrates its independence not on one, but two different dates."
15,culture|food,"Despite being in Central America, cuisine of this country is heavily influenced by Caribbean culture."
16,culture|records,"Placencia, a small town in this country, holds the world record for narrowest main street."
17,geography|climate,"This nation has a tropical climate with two main seasons, dry and rainy."
18,history|food,"Mayan people of this land cultivated cocoa, a product that later became chocolate."
19,nature|culture,"The national flower of this country, the Black Orchid, is found throughout the country all year long."
20,culture|economy,"The Mennonites, a Christian group, are an important part of this country's agricultural sector."
