1,geography,"This country is the second largest in the world, by land area, next to Russia."
2,nature|symbol,The national animal of this country is the beaver.
3,economy|nature,This country produces 77% of the world's maple syrup.
4,sport|record,It holds the record for the most gold medals ever won at the Winter Olympics.
5,culture|fun_fact,"Comic book superhero, Superman, was co-created by a citizen of this country."
6,places|fun_fact,"In this country, there is a town named 'Dildo'."
7,culture|food,"Poutine, made with fries, gravy and cheese curds, is a popular traditional dish in this country."
8,culture|festivals,"It hosts the world's largest winter festival, known as 'Carnaval de Quebec'."
9,geography|record,"This country is home to the longest street in the world, Yonge Street."
10,geography|nature,It has more lakes than the rest of the world combined.
11,history|culture,"The first inhabitants of this country were the Aboriginal peoples, who lived here for thousands of years before European colonization."
12,sport|culture,"The national sport of this country is lacrosse, not hockey."
13,geography|nature,"It has the world's longest coastline, which touches three oceans."
14,geography|places,"The northernmost permanent settlement in the world, Alert, is located in this country."
15,culture|history,"The famous 'Group of Seven', a group of painters, were from this country and are renowned for their landscapes."
16,nature|geography,The highest tides in the world occur in the Bay of Fundy in this country.
17,technology|history,The Blackberry smartphone was invented in this country.
18,medicine|history,"This country invented insulin, which is used worldwide for the treatment of diabetes."
19,culture|fun_fact,It has an official 'National Humor of the Year' day.
20,nature|geography,This country's Bruce Peninsula houses the oldest known trees in eastern North America.
