1,nature|geography,"This country is home to the world's second largest rainforest, mainly within the Congo Basin."
2,resources|geology,"It is among the most resource-rich countries globally, possessing large amounts of cobalt, copper, diamonds, coltan, other minerals."
3,nature|geography,"It boasts the world’s deepest river, the Congo River, which attains depths of over 220 meters."
4,culture|music,"This country hosts the vibrant 'Congolese rumba' dance and music genre, adored across many parts of Africa."
5,animals|nature,"Lola Ya Bonobo, the world's only bonobo sanctuary, is located in this country."
6,literature|history,"It was the setting for Joseph Conrad’s famous novel, 'Heart of Darkness'."
7,animals|nature,"In the rainforests, you can find Okapis, an extraordinary animal that resembles a cross between a zebra and giraffe, are only found in this country."
8,culture|society,The people of this country are divided into over 200 distinct ethnic groups.
9,nature|geology,"Nyiragongo, one of the world's most active volcanic mountains is located in this country."
10,nature|animals,It is one of the last countries in the world where 'Mountain Gorillas' can still be found in the wild.
11,geography,This is one of the few African countries that span the equator.
12,nature|animals,The rare 'African forest elephant' species can be found in this nation's vast rainforests.
13,heritage|nature,"It has seven sites listed on UNESCO's World Heritage Sites list, most of which are national parks."
14,art|culture,"This country's art is valued worldwide, especially its statues, wooden masks and jewelry."
15,languages|culture,It is estimated that over 200 languages are spoken within its borders.
16,nature|animals,This country is one of the very few places on Earth where you can find 'African Painted Dogs' in the wild.
17,culture|sports,People from this country are often very passionate about football (soccer) and it's considered the nation's most popular sport.
18,food|culture,"The cuisine of this country often features 'fufu', a dish made of pounded yams or cassava."
19,nature|geography,"This nation's mighty Congo River is the second longest in Africa, after the Nile."
20,society|demographics,"The population of this country is one of the youngest in the world, with a median age of around 18 years."
