1,nature|wildlife,"This country is home to one of the largest butterfly species in the world, the Giant African Swallowtail."
2,nature|conservation|wildlife,"The Dzanga-Sangha Special Reserve, located here, is renowned for its dense populations of forest elephants and western lowland gorillas."
3,culture|economy,"The majority of the population in this country engages in subsistence farming, relying on crops like cassava and peanuts."
4,nature|geography,"This country's landscape is characterized by vast, rolling plateaus and the Congo Basin forest, one of the most important ecological zones in the world."
5,nature|conservation|wildlife,"The Manovo-Gounda St Floris National Park, a UNESCO World Heritage site in this country, is famous for its diverse species including lions, leopards, and rhinoceros."
6,culture|transportation,"Locals often use a unique form of transportation known as the 'moto-taxi', which is widespread in the urban areas of this country."
7,history|culture,"This country celebrates its independence on August 13, marking the day it became independent from France in 1960."
8,culture|history|indigenous peoples,"The Pygmy peoples, some of the oldest inhabitants of this country, are renowned for their deep knowledge of the rainforest and traditional lifestyles."
9,culture|fashion,"Ndara is a vibrant, colorful fabric that's a significant part of this country's cultural identity, often used in traditional clothing."
10,nature|economy,"The Sangha River, flowing through this country, is a vital waterway that supports fishing and transportation for local communities."
11,economy|mining,"Bambari, a city in this country, is known for its artisanal diamond and gold mining, contributing significantly to the local economy."
12,culture|music,"This country's traditional music often features instruments unique to the region, such as the balafon, a type of wooden xylophone."
13,culture|food,"The national dish, 'boule', is a staple food made from cassava or maize flour, often served with meat or vegetable sauce."
14,culture|history,"In this country, storytelling and oral traditions play a crucial role in preserving history and teaching moral values."
15,culture|philosophy,"Zo Kwe Zo, meaning 'a person is a person' in the local Sango language, symbolizes the country's belief in human equality and unity."
16,conservation|wildlife,"The Chinko Project area, spanning millions of acres, is pivotal in the fight against poaching and preserving biodiversity in this country."
17,culture|economy,"Local markets in this country are bustling centers of trade, where one can find everything from fresh produce to handmade crafts."
18,nature|adventure,The Lobaye River is popular among adventurers for its opportunities for kayaking and exploring dense rainforests.
19,nature|geography,"This country is part of the Congo Basin, which is second only to the Amazon in terms of the size of its rainforest."
20,culture|indigenous peoples|medicine,"The Baka people, known for their intricate knowledge of herbal medicine, are one of the several indigenous groups residing in this country."
