1,nature|world heritage,"This country has six national parks, including one that is a World Heritage site."
2,culture,"In this country, people handshake with their right hand while holding their right elbow with the left hand as a sign of respect."
3,food|culture,"One of the interesting foods in this country includes caterpillars, which are a common source of protein."
4,nature|geography,"Due to this country's equatorial location, the climate is one of the most stable in the world."
5,economy|science,"This country is the world's leading producer of cobalt, an element used in batteries for electric vehicles."
6,nature|animals,"The unique Okapi Wildlife Reserve, home to the elusive okapi and other uncommon species, is found here."
7,culture|history,"The Mbuti people, a pygmy population renowned for their musical prowess, hail from this nation."
8,animals|nature,"Living in this country are the bonobos, great apes known for their peace-loving and matriarchal society."
9,history,"The Kongo Kingdom, one of the most influential states in early African history, originally came from this territory."
10,nature|geography,"The term 'jungle' is largely attributed to this country's thick, tropical rainforest, one of the world's largest."
11,animals|nature,The mountains in this land are home to the critically endangered mountain gorillas.
12,culture|history,"In this country, storytelling and oral history remain important means of passing on cultural knowledge and traditional practices."
13,architecture|culture,"Compounds known as 'villagios' are formed when multiple homes of extended family members are enclosed in a thick circular fence, a common housing style here."
14,music|culture,This country's Music has an influential presence in global music and has contributed to the development of many contemporary music genres.
15,culture|music|dance,A dance style known as 'rumba' originated from this country and has spread throughout the world.
16,nature|geography,This country has one of the world's most voluminous and fast-flowing rivers.
17,nature|biology,"The renowned Congo rainforest, diverse in flora and fauna, covers significant parts of this country."
18,nature|conservation,"Two decades after its devastation, the country’s Garamba National Park has been reborn as an incredible testament to the resilience of nature."
19,language|culture,"Despite the richness in diverse cultures, the official language in the country remains French."
20,culture|fashion,"The Sapeurs, a subculture dedicated to the cult of elegance and style, can be found in this country."
