1,culture|unique places,"This country is home to the world's longest stairway, with 11,674 steps."
2,history|culture,The concept of the Red Cross was born in this country in 1863.
3,culture|history,It has a tradition of political neutrality dating back to the early 16th century.
4,culture|food,This country produces the most chocolate in the world per capita.
5,culture|unique places,It is the only nation to have a square flag.
6,science|unique places,"The Large Hadron Collider, the world's largest particle physics laboratory, is located here."
7,food|culture,"Fondue, a popular dish made with melted cheese, originated in this country."
8,culture|language,"It has four official languages: German, French, Italian, and Romansh."
9,culture|history,This country is famous for its high-quality watchmaking industry.
10,nature|unique places,It has more high mountains than any other country in Europe.
11,nature|unique places,"Home to the Matterhorn, one of the most famous mountains in the Alps."
12,culture|history,This country has a system of direct democracy that allows its citizens to vote on laws directly.
13,culture|history,It is known for its strict privacy laws and is considered a haven for banking.
14,culture|history,The tradition of yodeling was developed in this country as a form of communication between mountainous regions.
15,culture|unique places,It is home to the world's highest altitude vineyard in Europe.
16,nature|unique places,Lakes and mountains cover about 60% of the country's total land area.
17,technology|unique places,"The Gotthard Base Tunnel is the world's longest and deepest rail tunnel, running through the Alps in this country."
18,culture|history,"It is one of the world’s wealthiest countries, with a high quality of life and an extensive social welfare system."
19,culture|history,The tradition of Swiss banking secrecy dates back to the Great Council of Geneva adopting the secrecy law in 1713.
20,culture|history,"It hosts the headquarters of numerous international organizations, including the second-largest UN office."
