1,economy|nature,This country is the world's largest exporter of cocoa beans.
2,culture|music,This country is known for its distinctive form of music known as 'Coupé-Décalé'.
3,history|religion|culture,"This country is home to the 'Basilica of Our Lady of Peace', which is recorded in the Guinness World Records as the largest 'church' in the world."
4,sports|culture,"This country's national football team, 'The Elephants', has been a champion of the Africa Cup of Nations multiple times."
5,culture|history,"In this country, people from different ethnic groups each have a king, and together, they form a Council of Kings."
6,culture|tradition,"This country is known for its vibrant and colorful textiles, especially the traditional handwoven cloth called 'Kente'."
7,history|nature,"The name of this country translates to 'Ivory Coast' in English, which is a tribute to the historic ivory trade."
8,education|culture,"This country's literacy rate has significantly increased in the past decade, as education is greatly emphasized."
9,language|culture,"The official language of this country is French, but there are about 60 native dialects that are spoken."
10,culture|tradition,"In this country, sharing a meal is a complex social ritual that involves strict etiquettes."
11,culture|tradition,"In this country, yam festivals are widely celebrated by certain ethnic groups."
12,nature|culture,"This country is home to six national parks, which are designated as World Heritage Sites by UNESCO for their biodiversity."
13,culture|religion,"In this country, masks and wooden sculptures hold a significant place in traditional ceremonies and religious practices."
14,culture|tradition|literature,"The people of this country are known for their storytelling culture, with oral literature reflecting various mythologies and tales."
15,religion|culture,"The majority of the population in this country follows Islam or indigenous belief systems, with a smaller portion following Christianity."
16,culture|food,"The cuisine of this country is known for its spices and includes staples like rice, millet, yam, and maize."
17,nature,"A portion of this country's land is covered by the Guinean forest, one of the world's biodiversity hotspots."
18,culture|music|dance,"This country is famous for its dance forms such as 'Ziglibithy', 'Zouglou' and 'Reggae', each with their cultural connotations."
19,demographics|culture,"In this country, there is an equal number of city dwellers and rural inhabitants, indicating a balanced demographic distribution."
20,nature|wildlife,"This country's Grand Bereby, a beach town, is famous for turtle watching and provides an important nesting ground for sea turtles."
