1,geography,"This country is the longest north-south trending country in the world, extending across 38 degrees of latitude."
2,population|urbanization,About one-third of the population of this country is concentrated in its metropolitan area.
3,industry|economy,This country is a major producer of both wine and copper.
4,nature|geography,"In this country, you can find the Atacama Desert, which is considered to be the driest place on earth."
5,culture|ethnic_groups,The indigenous Mapuche people constitute a significant minority in this country.
6,culture|music|dance,This country is home to vibrant music and dance styles such as cueca and tonada.
7,nature|tourism,"Torres del Paine National Park, famed for its mountains, bright blue icebergs, and golden pampas, is located in this country."
8,world_records|leisure,"It houses the world's largest swimming pool, which is over 1,000 yards long."
9,economy|society,The richest and the poorest areas of this country are only about a 10-minute drive apart.
10,culture|literature,This country's literature has been awarded several Nobel Prizes.
11,history|archaeology|tourism,"In this country, you can find the Easter Island, which is famous for its nearly 900 monumental statues called moai."
12,food|culture,"The diet in this country is characterized by its high consumption of seafood, owing to its long coastline."
13,history|archaeology,"The Chinchorro mummies, the world’s oldest mummies, were found in the desert of this country."
14,culture|fashion,"The traditional rural dress of this country includes the poncho, the chupalla (a straw hat), and high-heeled boots."
15,nature|geography,"This country has, in Driest place on Earth, a place that has not seen rain for over 400 years."
16,geography|nature,It has the second largest chain of volcanoes in the world after Indonesia.
17,geography|nature,"Its diverse climate ranges from the world's driest desert — the Atacama — to the lake district towards the center, and finally to the lush landscapes of Patagonia in the South."
18,nature|tourism,"In this country, there is the Valle de la Luna, or 'Valley of the Moon,' which has sand and stone formations that resemble the surface of the Moon."
19,tourism|nature,"Futaleufú River, one of the premier spots for white-water rafting in the world, is located in this country."
20,geography|nature,"The Andes, the longest continental mountain range in the world, stretch across much of this country."
