1,culture|geography,This country is often referred to as 'Africa in miniature' due to its geological and cultural diversity.
2,nature|geography,"The highest mountain in West Africa, Mount Cameroon, is an active volcano located in this country."
3,nature|geography,"This country is one of the wettest on earth, with the town of Debundscha at the base of Mount Cameroon receiving an average of 10,299 mm of rain per year."
4,culture|sports,The national football team of this country is known as the 'Indomitable Lions'.
5,economy|agriculture,"This country is the world's largest producer of cocoa beans, a key ingredient in chocolate production."
6,nature|conservation,"Waza National Park in this country is a UNESCO Biosphere Reserve, famous for its large populations of elephants and birds."
7,history|culture,"The Bamum Kingdom, an ancient civilization within this country, is known for its remarkable scripts and architectural achievements."
8,culture|food,"This country's traditional dish, Ndolé, consists of stewed nuts, ndoleh (bitter leaves), and fish or beef."
9,economy|geography,"Douala, the largest city in this country, is a major economic and commercial hub in Central Africa."
10,culture|festivals,"The people of this country celebrate the Ngondo Festival, an annual cultural and spiritual festival held by the Sawa people."
11,culture|language,"This country has over 200 linguistic groups, making it one of the most linguistically diverse countries in Africa."
12,travel|nature,"The Ring Road is a scenic route in this country, offering stunning views of the grassfields, traditional palaces, and volcanic landscapes."
13,culture|arts,"Foumban, a city in this country, is known as the artistic and cultural heart, especially for its craftsmanship in pottery, textiles, and beadwork."
14,nature|conservation,"The Dja Faunal Reserve, a UNESCO World Heritage site in this country, is one of Africa's largest and best-protected rainforests."
15,culture|music,"This country's music, particularly Makossa and Bikutsi, has influenced many African pop music genres."
16,travel|nature,The Kribi beaches near the Gulf of Guinea are famous for their white sands and are a popular tourist destination in this country.
17,culture|architecture,The Musgum mud houses in the Far North Region of this country are architectural marvels made from compressed earth.
18,culture|food,"This country hosts the Eru and Green-leaf dishes, known for their medicinal properties and significance in local cuisine."
19,culture|history,"The Mankon Museum, which houses artifacts of the Tikar, Bamileke, and Bamun peoples, reflects the rich cultural heritage of this country."
20,nature|history,"Lake Nyos, a crater lake in this country, experienced a limnic eruption in 1986, releasing a large cloud of CO2 and causing significant fatalities."
