1,nature|wildlife,"This country is home to the Giant Panda, an animal only found in its wild habitat."
2,landmarks|history,"The Great Wall here is the world's longest human-made structure stretching over 21,000 km."
3,art|culture|festivals,"This country hosts the annual 'Ice and Snow festival', which features massive, detailed ice sculptures."
4,transportation|geography,The Qinghai-Tibet railway in this country is the highest in the world.
5,culture|history|food,"This country is the birthplace of tea, with records dating back to the 10th century BC."
6,culture|traditions,The world's biggest population of this country celebrates the New Year for 15 days.
7,history|economy,It is in this country where the earliest forms of paper money were developed during the 7th century.
8,art|culture,This country hosts the Harbin International Ice and Snow Sculpture Festival.
9,art|history,"The Terracotta Army, a collection of terracotta sculptures, is located in this country."
10,architecture|history,The Middle Kingdom's Forbidden City is the largest palace complex in the world.
11,sports|culture,Ping Pong or table tennis is the most popular sport in this country.
12,people|history,"Zheng He, a famous mariner, explorer, diplomat, and fleet admiral, hailed from this country."
13,geography|nature,"Mount Everest, the world's highest peak, sits on the border of this country and Nepal."
14,art|religion|landmarks,"The Leshan Giant Buddha, the largest stone Buddha in the world, is in this country."
15,economy|transportation,"Shanghai, a city in this country, is one of the busiest container ports in the world."
16,culture|food,This country uses more than 45 billion chopsticks annually.
17,culture|sports,Martial arts like Kung Fu originated in this country.
18,geography|history,"This country is home to the yellow river, which is considered the cradle of civilization."
19,history|art,"The Yungang Grottoes, a UNESCO World Heritage Site, lie in this eastern landmass."
20,culture|language,"This is the country with the most spoken languages, estimated at several hundred."
