1,economy|nature,This country is the world's leading source of emeralds.
2,culture|sports,"The national sport, Tejo, involves throwing a metal disc at a target packed with clay and gunpowder."
3,geography,It is the only country in South America with coastlines on both the Pacific Ocean and the Caribbean Sea.
4,nature|travel,"The Cano Cristales river, known as the 'River of Five Colors,' offers a spectacular display of colors due to aquatic plants."
5,culture|literature,"This country is the birthplace of the famous magical realism literary genre, with Gabriel García Márquez being its most notable exponent."
6,culture|events,It hosts the world's second-largest Carnival celebration in the city of Barranquilla.
7,nature|geography,The Amazon Rainforest covers approximately one-third of this country's territory.
8,history|culture,"It is home to the El Dorado legend, which inspired numerous expeditions in search of the mythical city of gold."
9,history|culture,The city of Medellín was once known as the most dangerous city in the world but has since transformed into a vibrant cultural and tourism hub.
10,travel|nature,"It has over 300 beaches along its coasts, ranging from the Caribbean to the Pacific."
11,economy|nature,The country produces more than 90% of the world's emeralds.
12,nature|biodiversity,"It is the second most biodiverse country in the world, home to over 56,000 species."
13,economy|culture,Coffee from this country is world-renowned for its quality and flavor.
14,history|travel,"The Lost City, or Ciudad Perdida, is an ancient city in the Sierra Nevada de Santa Marta mountains, believed to have been founded around 800 AD."
15,culture|events,"It has a festival dedicated to flowers, known as the Feria de las Flores, in Medellín."
16,history,"The country is named after Christopher Columbus, the explorer."
17,geography,"It has the highest capital city in South America, situated at over 2,600 meters above sea level."
18,culture|food,"The national dish, bandeja paisa, is a platter of beans, rice, pork, avocado, fried eggs, and more."
19,economy|culture,It is the third-largest exporter of coffee in the world.
20,nature,"The national tree, the Quindío wax palm, grows to over 60 meters and is the tallest palm tree in the world."
