1,nature|environment,This country is considered one of the world's most important biodiversity hotspots.
2,history|society,"It has no military forces, abolished since 1948."
3,nature|animals,"The country is home to the Resplendent Quetzal, considered one of the most beautiful birds in the world."
4,culture|language,"A common way of greeting is saying 'Pura Vida', which means 'pure life'."
5,nature|tourism,Zip-lining through the rainforest is a popular activity in this country.
6,nature|culture,"Its national flower is the Guaria Morada, an orchid."
7,environment|society,"In 2012, this nation declared that it aims to become the first carbon-neutral country by 2021."
8,nature|geography,"The country has more than 100 volcanic formations, and several of them are active."
9,society|development,It ranks highly on the Human Development Index in the Latin America region.
10,economy|tourism,Ecotourism is a key sector in the country's economy
11,education|society,Literacy rate in this country is among the highest in Latin America.
12,geography|nature,"Its territory is crossed by the Cocos Plate, where many earthquakes originate."
13,nature|environment,More than 25% of its land is composed of conservation and natural protected territory.
14,economy|agriculture,Coffee is one of the main agricultural exports of this country.
15,animals|nature,There are seven distinct species of sea turtles that come to nest along the coastline of this country.
16,nature|environment,"Despite its small size, this country contains nearly 5% of the world's biodiversity."
17,health|society,"The country is free of many diseases common in tropical nations, such as malaria and yellow fever."
18,culture|music,The national music of this country is merengue and salsa.
19,society|lifestyle,"Its citizens were the third happiest in the world, according to the Happy Planet Index in 2016."
20,lifestyle|health,The citizens of this country have one of the highest life expectancies in the world.
