1,geography|nature,This country is the largest island in the Caribbean.
2,government|history,It possesses the only communist government in the Western Hemisphere.
3,culture|education,"Over 90% of its population is literate, one of the highest rates in the world."
4,culture|world-heritage,"It is famous for its cigars, which are considered some of the best in the world."
5,culture|arts|literature,"Ernest Hemingway, a prominent American author, lived in this country for a period of two decades."
6,culture|arts|film,It hosts the prestigious Havana Film Festival every year.
7,culture|dance,"Its national dance is the Salsa, which is popular globally."
8,nature|biodiversity,It is one of the leading nations in the world in terms of biological diversity.
9,culture|food,"This country's cuisines heavily use rice, beans, and a variety of mixed spices."
10,history|agriculture,"The concept of large-scale, industrialized farming was first implemented in this country."
11,culture|dance,"This country has a strong tradition of ballet, with its national ballet school being one of the largest in the world."
12,culture|sports,"Baseball is the most popular sport in this country, stronger than soccer."
13,agriculture|sustainability,Its unique system of agriculture is a major model for sustainable farming worldwide.
14,culture|music|dance,"It has a rich history of music, and is known as the birthplace of the Cha-Cha, Mambo, and Bolero dances."
15,culture|history,This country has a unique blend of Spanish and African cultures due to its history.
16,science|health,"It has a successful pharmaceutical industry and has developed a number of important vaccines, including a vaccine for meningitis B."
17,geography|travel,"Its famous and beautiful beaches, especially Varadero and Guardalavaca, are popular tourist destinations."
18,culture|travel|architecture,The Malecón sea drive in Havana is a popular social gathering spot.
19,nature|national-symbols,"The Cuban trogon or tocororo, the national bird of this country, matches the colors of the national flag – red, white, and blue."
20,culture|agriculture,"Sugar, coffee, and tobacco are the three primary agricultural products of this country."
