1,nature|geography,This country consists of 10 volcanic islands in the central Atlantic Ocean.
2,culture|music,"The traditional music of this country, known as 'morna', is deeply emotional and often compared to the blues."
3,culture|food,"This nation's cuisine features a rich mixture of African, Portuguese, and Brazilian influences."
4,history|culture,"The Cidade Velha, a UNESCO World Heritage site, is considered the birthplace of this country's creole culture."
5,nature|geography,"One of the islands is famous for its dramatic topography, including a peak that's often shrouded in clouds."
6,culture|industry,"This country is renowned for its vibrant textile industry, characterized by the production of colorful and elaborate fabrics."
7,culture|food,"The national dish, 'Cachupa', is a slow-cooked stew of corn, beans, cassava, sweet potato, and fish or meat."
8,culture|music,An annual music festival on one of the islands attracts performers and audiences from around the globe.
9,nature|tourism,"Despite its volcanic origins, this country is home to several stunning beaches known for their clear, turquoise waters."
10,culture|history,"The traditional practice of 'Rabelados', or rebels against modernity, persists in some communities."
11,nature|wildlife,One of the islands is a world-renowned nesting site for loggerhead turtles.
12,culture|symbolism,"This country's flag features a circle of 10 stars, symbolizing its main islands."
13,culture|tradition,"It has a unique tradition of storytelling, where tales are passed down through generations, often accompanied by music."
14,culture|food,"The local beverage, 'grogue', is a potent distilled spirit made from sugarcane."
15,nature|tourism,One island features a natural swimming pool formed by volcanic rocks known as 'The Blue Eye'.
16,culture|education,"This nation's literacy rate is among the highest in its region, thanks to significant educational reforms."
17,nature|geography,"Fogo Island is famous for its active volcano, which last erupted in 2014, shaping the landscape and local agriculture."
18,culture|history,"This country celebrates its independence day with a vibrant festival of music, dance, and food."
19,culture|architecture,The local architecture features a distinctive style with pastel-colored buildings and ornate balconies.
20,nature|wildlife,It is one of the few places in the world where the endangered monk seal can be found.
