1,culture|mythology,"This country is known as the 'island of love' because of its association with the Greek goddess of love, Aphrodite."
2,nature|mythology|tourism,"In this country, you'll find the 'Petra tou Romiou', a striking sea stack believed to be the birthplace of Aphrodite."
3,geography,It is the third largest island in the Mediterranean Sea.
4,history,Archaeological remains in this country show that it has been populated since the stone age.
5,history|nature,This country is reputed to have some of the oldest water wells in the world.
6,culture|history,"It is home to the world's oldest named wine still in production, known as 'Commandaria'."
7,history|transport,"Traffic in this country drives on the left, a remnant of British colonial rule."
8,culture|food,This country's cuisine is influenced by Greek and Turkish culinary traditions.
9,history|archaeology,The world’s richest collection of archaeological remains from the Copper Stone Age belongs to this country.
10,nature|wildlife,"The endemic Cyprus Mouflon, a type of wild sheep, can only be seen in the natural environment of this country."
11,nature|tourism,"The Troodos Mountains, home to rare species of birds and plants, is one of the must-visit places in this country."
12,culture|history|crafts,"A popular traditional art form in this country is lace making, which has been included in the UNESCO's List of Intangible Cultural Heritage."
13,culture|religion|tourism,"The famous Kykkos Monastery, adorned with golden icons and intricate mosaics, is located in this country."
14,nature|wildlife,"This country is home to one of the world's most endangered sea turtle species, the green turtle and the loggerhead turtle."
15,climate|geography,"Most of the year in this country is sunny, with more than 300 days of sunshine annually."
16,food|culture,This country is the producer of the world's finest halloumi cheese.
17,culture|crafts,"In this country, the village of Lefkara is famous for its unique style of embroidery called 'Lefkaritika'."
18,history|culture|tourism,"The ancient Roman Villas of Paphos in this country, featuring stunning mosaics, are a UNESCO World Heritage site."
19,culture|customs,"It is customary in this country to wave hand when departing, not when greeting."
20,history|culture|animals,It is in this country that cats were first domesticated.
