1,history|architecture,"This country is home to over 2,000 castles, more per square mile than any other country"
2,education|history,"One of the oldest universities in Europe, Charles University, was founded here in 1348"
3,history|culture,The sugar cube was invented in this country
4,culture|food,This country has the most beer consumed per capita in the world
5,culture|etiquette,It is customary to cheer 'Na zdraví' or 'To your health' before drinking in this country
6,culture|food,Residents of this country are among the heaviest consumers of mushrooms in the world
7,people|records,"The tallest man in modern history, Zdeněk Šilhavý, is from this country"
8,culture|mythology,"The legend of Golem, a mythical creature created from clay, originated from this country"
9,people|literature,This country is the birthplace of the famous writer Franz Kafka
10,culture|food,The traditional Easter food of this country is a sweet bread adorned with almonds called Mazanec
11,culture|arts,Puppetry and marionette exhibitions have a deep-rooted history in this country's culture
12,culture|etiquette,It is considered polite to remove your shoes before entering a home in this country
13,culture|architecture,Revolving auditoriums with rotation seating can be seen in this country's open air theatres
14,culture|health,"A unique spa treatment in this country involves being wrapped in hot linen sheets, straw, and peat"
15,architecture|history,"This country is home to the bone church (Sedlec Ossuary), an eerie chapel decorated with human bones"
16,culture|cinema,The currency of this country was featured in a significant storyline of the movie 'Mission: Impossible'
17,nature|astronomy,"The mountaintop observatory in this country, Štefánik's Observatory, offers breathtaking views of celestial bodies"
18,culture|food,"This country has a tradition of enjoying a hearty meal of pork, dumplings, and sauerkraut"
19,culture|etiquette,"Residents of this country typically celebrate name days, a tradition akin to birthdays"
20,culture|history,"This country is home to an annual airshow, known as the 'Aviatická pout', which is amongst the oldest in the world"
