1,culture|food,"This country is known for having over 1,500 different types of sausages."
2,culture|nature|history,It has a forest where the Brothers Grimm set many of their fairy tales.
3,culture|music|history,"This nation is the birthplace of the world-renowned composer, Ludwig van Beethoven."
4,culture|food,It is home to the world's largest beer festival.
5,culture|architecture|history,This country features a castle that inspired the design of Disneyland's Sleeping Beauty Castle.
6,culture|transportation,"It boasts the Autobahn, famous for sections without speed limits."
7,technology|nature,This nation is a leading producer of wind turbines and solar power technology.
8,culture|history,"It has a museum island in its capital, featuring five internationally significant museums."
9,law|nature,This country's constitution mandates environmental protection.
10,culture|food,It is known for a bread culture with over 300 different types of bread.
11,culture|history,This nation has a tradition of Christmas markets dating back to the Middle Ages.
12,technology|history,It is the birthplace of the printing press invented by Johannes Gutenberg in the 15th century.
13,culture|history,"This country has a public holiday dedicated to workers' rights, celebrated on the 1st of May."
14,culture|architecture,"It is known for its half-timbered houses, especially in small towns and villages."
15,culture|literature,"This nation is one of the world's largest book publishers, with a major international book fair held annually."
16,culture|nature|history,"It has a valley that is a UNESCO World Heritage Site, famous for its high density of castles."
17,nature,This country is home to the world's first zoo dedicated solely to insects.
18,culture|history,"It introduced a tradition of decorating Christmas trees, a practice now spread worldwide."
19,culture|law|food,This nation has a unique legal tradition where beer brewing is regulated by a purity law from 1516.
20,culture|education|history,"It boasts one of the oldest universities in the world, founded in the 14th century."
