1,nature|geography,"This country is almost entirely volcanic, with Lake Assal being one of its stunning natural hotspots, nested in a depression and considered one of the saltiest lakes worldwide."
2,geography,"The nation is situated at a critical juncture between the Red Sea and the Gulf of Aden, making it an important gateway to the Suez Canal."
3,culture|leisure,"The people of this country often enjoy a traditional game called 'Shax', similar to chess, which is popular throughout East Africa."
4,nature|biodiversity,"Despite its desert climate, this country houses an incredible diversity of marine life, including sharks, octopuses, and corals, in Gulf of Tadjoura."
5,culture|language,"The language spoken in this country, Afar, is one of the few in the world that uses a 'base-20' numbering system."
6,geography|climate,"This country is one of the hottest places on earth, specifically, the region 'Ardoukôba' which regularly records the highest temperatures globally."
7,nature|geography,"Although it's a small nation, this country is home to several monumental natural formations, including the stunning limestone chimneys known as chimneys of Lake Abbe."
8,culture|food,Seafood plays a prominent role in this country's cuisine due to its strategic location adjacent to rich fishing grounds.
9,culture|religion,"Nearly 94% of the population in this country adheres to Islam, shaping many aspects of its culture and lifestyle."
10,nature|biodiversity,"Despite its size, this country is host to a vast array of bird species, making it a hotspot for birdwatching."
11,culture|fashion,"This country's traditional clothing often incorporates brightly colored cotton cloths, known as 'fouta'."
12,culture|lifestyle,"This country is characterized by its nomadic lifestyle, with more than half of the population lives in the capital city, while the rest is scattered, often living a pastoral life."
13,culture|sports,"Football (soccer) is widely popular in this country, and traditional sports like camel racing are also enjoyed."
14,nature|events|marine life,"This country plays host to the mind-boggling spectacle of 'whale shark season' every year, drawing hundreds of divers and marine enthusiasts."
15,culture|language,French and Arabic are the two official languages of this country.
16,culture|music,"People of this nation love music and dance, with 'Dhaanto' being the traditional genre of Somali music that is played often."
17,culture|lifestyle,"The Afar people, one of the indigenous ethnic groups in this country, are known for their unique hairstyles and religious cirumcision rituals."
18,culture|traditions,"Arts and crafts are part of the local culture, with weaving being an ancient tradition among the women of this country."
19,culture|food|traditions,Drinking tea and coffee is a vital social ritual in this country – they have unique ways of preparing and serving these beverages.
20,geography|nature,"This country hosts the lowest point in Africa—Lake Assal, which sits 155m below sea level."
