1,culture|lifestyle,"This country is famous for its many bicycles, with more bikes than cars on the road."
2,history|culture,Legend says that the national flag of this country fell from the sky in 1219 during a battle.
3,lifestyle,This country has been ranked as one of the world's happiest countries numerous times.
4,culture|history,The fairy tale author Hans Christian Andersen was born in this country.
5,geography,This country is made up of over 400 named islands.
6,geography,"With a flat and low topography, the highest natural point in this country is only 170 meters above sea level."
7,culture|lifestyle,"The concept of 'hygge', meaning coziness or a sense of well-being, originated in this country."
8,history|culture|tourism,"This country is home to a unique round-shaped fortress named 'Kronborg Castle', which is associated with Shakespeare's Hamlet."
9,culture|cuisine,This country's cuisine is known for its open-faced sandwiches called 'smørrebrød'.
10,tourism|history,"A popular theme park in this country is 'Tivoli Gardens', and it's one of the world's oldest operating amusement parks."
11,culture|traditions,People of this country have a tradition of burning a witch effigy on the night of Saint John's Eve.
12,geography|climate,This country is known to be the windiest place in Europe.
13,nature|biodiversity,"This country has more than 240 breeds of domestic animals, more than any other country in the world."
14,history|science,"The astronomical discoveries of Tycho Brahe, a renowned 16th-century scientist, took place in this country."
15,culture|history,"The Lego brick, one of the most popular toys worldwide, was invented in this country."
16,culture|lifestyle|environment,"Copenhagen, the capital, is often recognized as one of the world's most environmentally friendly cities, reflecting the sustainability efforts of this country."
17,geography,"In this country, you are never more than 52km from the sea."
18,culture|tourism,This country hosts an annual international sand sculpture festival.
19,culture|history,"Since 1901, Carlsberg brewery in this country includes in its slogan the phrase 'probably the best beer in the world'."
20,history|transport,"The Øresund Bridge, mostly built by this country, is the longest combined road and rail bridge in Europe."
