1,nature|geography,"This country is known as the 'Nature Island' of the Caribbean due to its lush, dense rainforests and extensive natural parks."
2,nature|tourism,"Home to the second-largest hot spring in the world, the Boiling Lake, this country offers a unique hiking experience."
3,culture|history,"The indigenous Carib people, known as the Kalinago, still inhabit this country, preserving their ancient culture and traditions."
4,culture|music|events,"It hosts the World Creole Music Festival annually, attracting visitors worldwide to celebrate its rich musical heritage."
5,history|geography,This country was the last of the Caribbean islands to be colonized by Europeans due to its rugged terrain.
6,nature|tourism,It is one of the few places in the world where you can swim in a warm sulfur spring right after hiking through a cold mountain stream.
7,nature|tourism|unesco,"This country's Morne Trois Pitons National Park is a UNESCO World Heritage site, famous for its volcanic scenery and biodiversity."
8,culture|food,"The national dish is Mountain Chicken, which is actually a type of frog (Leptodactylus fallax) endemic to the island."
9,nature|national symbols,"Sisserou parrots, the national bird, are found only in this country and are featured on the national flag."
10,culture|national symbols,"It is the only country in the world with a national flag that includes the color purple, representing the Sisserou parrot."
11,culture|history,"This country celebrates Independence Day on November 3rd, marking its independence from British rule in 1978."
12,tourism|nature,"The Waitukubuli National Trail spans the entire length of the island, offering an immersive experience of its diverse ecosystems."
13,culture|architecture,"Dominica's Roseau Cathedral has been under construction for over 100 years, blending Gothic and Roman architectural styles."
14,nature|geography,"It has over 365 rivers, earning the nickname 'the island of rivers.'"
15,nature|tourism,"The island is a haven for divers, boasting champagne reefs where underwater hot springs naturally carbonate the sea water."
16,culture|education,"Dominica's literacy rate is among the highest in the region, reflecting its strong emphasis on education."
17,culture|architecture,"The island's traditional houses, known as 'ajoupa,' are made from local materials and designed to withstand tropical storms."
18,nature|sustainability,It was the first country to be awarded the 'Green Globe 21' certification for its environmental management and sustainability practices.
19,tourism|events|nature,"The annual Dive Fest is one of the longest-running scuba diving events in the Caribbean, highlighting this country's commitment to underwater exploration and conservation."
20,economy|sustainability|tourism,"Dominica's economy is uniquely dependent on agriculture and ecotourism, emphasizing organic farming and nature preservation."
