1,geography|history,"This country shares the island of Hispaniola with Haiti, making it one of two Caribbean islands split by two nations."
2,history,The first permanent European settlement in the Americas was established in this country.
3,history|cultural,"Santo Domingo, a UNESCO World Heritage Site in this country, was the first city founded in the Americas."
4,cultural,"Merengue and Bachata music and dance originated in this country, which are popular worldwide."
5,cultural|sports,"Baseball is immensely popular in this country, leading to a significant number of citizens becoming successful professional players internationally."
6,geography,This country is home to the highest peak (Pico Duarte) and the lowest point (Lake Enriquillo) in the Caribbean.
7,geography|agriculture,"Due to the diverse climate, a variety of fruits and vegetables are cultivated in this country, including guavas, oranges, avocados, papayas and pineapples."
8,history|nature,Amber artifacts discovered within this country have been found to contain some of the oldest known remains of extinct species.
9,cultural|food,"The country's staple meal, 'la bandera', consists of meat, red beans, rice, and plantains."
10,nature|tourism,The Samaná Peninsula in this country is famous for humpback whale watching.
11,economy|cultural,"Cigar-making is an important industry in this country, known for its premium handmade products."
12,nature|cultural,"This country's national bird is the Palmchat, a bird unique to the island of Hispaniola."
13,cultural,Carnivals featuring ornately costumed performers and traditional music are a significant part of festive celebrations in this country.
14,tourism,"Punta Cana, located in this country, is one of the most popular tourist destinations in the Caribbean."
15,history|cultural,A network of caves in this country contains pictographs and petroglyphs from the indigenous Taíno people.
16,cultural|art,The Cristo Rey sector of this country is famed for its vibrant street art and murals.
17,nature,This country’s Lake Enriquillo is one of the few saltwater lakes in the world inhabited by crocodiles.
18,food|cultural,"This country has its rum, which is recognized internationally for its high quality."
19,nature|tourism,The Three Eyes National Park in this country offers a network of beautiful caves and underground lagoons.
20,tourism|cultural,"In this country, visitors can enjoy a cultural experience by virtually living with the locals in rural areas through eco-tourism."
