1,geography,This country is the largest in Africa and the 10th largest in the world.
2,geography|nature,"It is known for its Sahara Desert, the largest hot desert in the world."
3,language|culture,"The official language is Arabic, but Berber and French are also widely spoken."
4,culture|history|tourism,"This country is home to seven UNESCO World Heritage Sites, including the ancient Roman city of Timgad and the M'zab Valley."
5,geography|nature,Around 90% of this country's land is covered by the Sahara Desert.
6,history|nature,It is one of the few places in the world where dinosaur fossils from the Cretaceous period have been discovered.
7,nature|tourism,"The Ahaggar National Park, located in this country, is known for its unique jagged volcanic field."
8,culture|tourism|architecture,"The Casbah of Algiers, a UNESCO World Heritage Site, is a must-visit with its narrow winding lanes and old terraced houses."
9,culture,Hospitality and generosity are deeply ingrained in this country's culture.
10,culture|nature,"This country's national animal is the Fennec Fox, a small nocturnal fox known for its distinctive large ears."
11,economy,Oil and gas exports form the backbone of this country's economy.
12,culture|food,Couscous is considered the national dish of this country.
13,demographics,"This country's population is notably young, with over half aged under 25."
14,nature|food,"Despite the arid landscape, this country is one of the top olive oil producers in the world."
15,history|tourism,"Al Qal'a of Beni Hammad, the ruins of an ancient fortified citadel, is located in this country."
16,culture|food,"Harissa, a hot chili pepper paste, is a staple ingredient in this country's cuisine."
17,history|tourism,"It is the home of the only confirmed Roman lighthouse existing in North Africa, which is called Cap Carbon."
18,demographics|education,The country's education system mandates children attend school through the ninth grade.
19,geography|nature|tourism,"This country is home to Africa's highest ski resort, located in the Atlas Mountains."
20,culture|food,"The people in this country often drink mint tea, a tradition inherited from the Ottoman Empire."
