1,nature|geography,"This country is one of only 17 'megadiverse' countries in the world, boasting a variety of ecosystems from mangroves to mountains"
2,nature|geography,Half of this country's surface area is covered by the Amazon Rainforest
3,culture|food,"In this country, people have a tradition of eating guinea pig as a celebration meal"
4,nature|history|science,"The Galapagos Islands, home to unique wildlife species that inspired Darwin's theory of evolution, reside in the waters of this country"
5,geography|history,This South American nation is named after the equator that runs through it
6,nature,It has the highest biodiversity per square kilometer of any nation in the world
7,history|culture,The first UNESCO World Heritage Sites were declared in this country in 1978
8,culture|history,Panama hats actually originated in this country
9,culture,"The locals of this country celebrate the New Years with an unusual tradition, they burn effigies to represent the passing of the year"
10,culture|lifestyle,"The residents of Vilcabamba, a small village in this country, are known for their longevity"
11,history|culture,"This nation is home to the Inca's second-largest city, Ingapirca"
12,nature,There's a famous national park in this country that has plants which 'walk' up to 20 meters per year
13,economics|nature,"It is one of the world's largest exporters of bananas, accounting for up to 29% of all bananas exported globally"
14,nature|medicine,"The national tree of this country is the 'quina', used to produce the antimalarial drug quinine"
15,nature|geography,"Cotopaxi, one of the highest active volcanoes in the world, is located in this country"
16,culture|food,"This country produces high-quality chocolate, and is recognized worldwide for its fine aroma"
17,nature,"This country is home to the endangered Andean condor, one of the world’s largest flying birds"
18,nature|geography,"Standing at 6,268 meters, Chimborazo is this country's highest peak"
19,culture|economics,"One of the world's largest outdoor markets, Otavalo Market, is found in this country"
20,nature|economics,"This nation's national flower is the Rose, and it is one of the world's major exporters of this fragrant bloom"
