1,education|society,This country ranks third in terms of adult literacy rate in the world.
2,culture|events,"This country holds one of the largest song festivals in the world, which is held every five years."
3,society|technology,It has a unique digital society: almost every governmental service is available online.
4,nature,"A large part of this country's land is covered by forests, around 50% of the total land area."
5,geography|nature,The highest point in this country is only 318 meters above sea level.
6,nature|geography,"This country has a coastline that stretches over 3,794 kilometers, without any mountains or high cliffs."
7,geography|nature,The territory of this country includes more than 2000 islands.
8,history|society,"This country is home to one of the world's oldest pharmacies, which has been continuously running since the early 15th century."
9,nature|geography,The territory of this country is rich in meteorite craters; it has the highest concentration of meteorite craters in the world.
10,culture|sport,"This country's national sport is televõitlus, a type of folk wrestling."
11,culture|food,"This country's most famous food is rye bread, which locals also use to make a sweet dessert called leivasupp."
12,culture|language,"The language of this country belongs to the Finno-Ugric language group, alien to most other European languages."
13,culture|events,"One of the major festivals of this country is St. Martin's Day, where children go door to door singing songs for sweets or coins."
14,history|society,"In the 13th century, the capital city of this country joined the Hanseatic League, a confederation of merchant guilds and their market towns."
15,culture|nature,A very popular summer activity in this country is bog walking in specially designed bog shoes.
16,society|geography,The population density in this country is one of the lowest in the world.
17,culture|events,"In this country, there is a custom of jumping over the bonfire during the summer solstice."
18,society|law,"This country's legal drinking age is 18, but it is legal to consume alcohol from the age of 16."
19,society|health,"Women in this country live significantly longer than men, on average by 10 years."
20,society|business,Start-ups per capita in this country is among the highest in the world.
