1,nature,This country is home to the longest river in the world.
2,history|culture,"The Great Pyramid of Giza, one of the Seven Wonders of the Ancient World, is located here."
3,history|culture,"This country's ancient civilization is one of the oldest in the world, dating back to the 6th–4th millennia BCE."
4,history|culture,"The concept of writing, including hieroglyphs, originated in this country."
5,culture|history,This country is famous for its monumental temples and tombs that dot the landscape of its desert regions.
6,history|culture,"The ancient library of Alexandria, one of the largest and most significant libraries of the ancient world, was located here."
7,history|culture,This country's ancient rulers were known as Pharaohs.
8,geography,"The Suez Canal, a key global shipping route, is found in this country."
9,culture|history,"This country hosts the annual Abu Simbel festival, where the sun aligns to illuminate the inner sanctum of the temple."
10,history|religion,"Mount Sinai, an iconic biblical location, is situated here."
11,culture|food,"This country is known for its unique bread, called 'Eish Baladi', similar to pita bread but made from 100% whole grain wheat."
12,culture|food,"The traditional dish of 'Ful Medames', a fava bean stew, has been a staple food since ancient times in this country."
13,culture|food,"Coffee culture is prominent, with 'Turkish coffee' being a popular beverage despite its name."
14,history|culture,"The Valley of the Kings is a famous archaeological site, home to the tombs of pharaohs and powerful nobles."
15,culture,"This country's flag features three colors: red, white, and black, with a unique emblem in the center."
16,culture|history,The national emblem of this country features the Eagle of Saladin.
17,geography|society,This country is one of the most populous in the Middle East and the Arab world.
18,culture|food,"Koshari, a mix of pasta, rice, lentils, and chickpeas topped with tomato-vinegar sauce and fried onions, is considered the national dish."
19,culture|history,The traditional art of making papyrus paper originated here.
20,culture|history,"This country celebrates 'Sham el-Nessim', an ancient spring festival that predates the arrival of Christianity and Islam."
