1,history|culture|travel,This country is the home of several UNESCO World Heritage sites including the city of Asmara.
2,culture|history|language,Its people are among the few in the world who still use the ancient Geez script.
3,religion|culture,The majority of the population in this country practices Christianity and Islam.
4,culture|traditions,Marriage traditions in this country involve a two-part ceremony: a religious service followed by a large community feast.
5,culture|food,"This country's cuisine reflects its diverse cultural heritage, featuring influences from Italy, the Middle East and other parts of Africa."
6,nature|geography,"The country has one of the world's hottest places: Denakil Depression, where temperatures can even exceed over 50 degrees celsius."
7,nature|wildlife,"It’s home to the endangered and strikingly beautiful African Wild Ass, the ancestor of the domestic donkey."
8,culture|food,This country is known for its ritual coffee ceremonies where the love for coffee transcends social gatherings and hospitality protocols.
9,history|culture|art,"It has Africa's highest concentration of rock art, some believed to be thousands of years old."
10,culture|music|dance,Traditional music and dance in this country utilize zemenfes (castanets) and the expressive Tigrinya dance.
11,culture|traditions,"In this country, New Year's Day is celebrated in September."
12,culture|history|literature,"This nation is known for possessing a rich tradition of literature, including an ancient library in a monastery housing priceless Biblical transcripts."
13,travel|nature|history,"The Eritrean railway, one of the most charming and memorable transport experiences, offers an excellent view of the hilly landscapes."
14,culture|ethnicities,"The Rashaida, one of the nine recognized ethnic groups, is known to maintain their Arab culture and traditional nomadic Bedouin lifestyle."
15,culture|society|traditions,"In this country, people revere elderly, attributing to them wisdom and recognizing them as the family's most important members."
16,sports|culture,"The national sport in this country is cycling, and its athletes have made their mark in international competitions."
17,culture|fashion,Traditional clothing in this country includes white cotton garments and head wraps for women and wraparound clothes for men.
18,nature|wildlife|travel,"This country has several national parks, with diverse wildlife ranging from elephants to gazelles."
19,nature|wildlife,"This country's fauna is rich in birds, with more than 560 species recorded."
20,culture|education,"In this country, there is a cultural practice of parents encouraging their children to repeat their words to boost memory and learning."
