1,culture|economy,This country is the world's largest producer of olive oil.
2,culture|literature,"The first known novel, Don Quixote, was written by a citizen of this country."
3,culture|events,"La Tomatina, an annual tomato fight, attracts thousands of participants and spectators to this country."
4,culture|architecture,This country has a city that is famous for its hanging houses perched precariously atop a cliff.
5,culture|culinary,"Home to one of the oldest restaurants in the world, continuously operating since 1725."
6,culture|language,This country's language is the second most widely spoken language in the world by native speakers.
7,culture|traditions,"The concept of siesta, a midday break for rest and relaxation, originated from this country."
8,culture|history,It has more UNESCO World Heritage Sites than any other country in Europe.
9,culture|dance,The traditional dance known as Flamenco originated in this country.
10,culture|architecture,It is home to a famous unfinished basilica designed by Antoni Gaudí.
11,culture|events,This country celebrates the world's largest LGBT pride parade in its capital city.
12,culture|culinary,"It has a museum dedicated entirely to ham, a staple of its culinary culture."
13,culture|events,This country has a festival where people build human towers known as 'castells'.
14,history|architecture,"Home to the oldest surviving lighthouse in the world, the Tower of Hercules."
15,history|culinary,"It introduced chocolate, tomatoes, and potatoes to Europe after the discovery of the Americas."
16,culture|sports,This country's national football team has won the FIFA World Cup once.
17,culture|cinema,It has a desert where many famous Western films were shot.
18,culture|literature,The world's first modern novel is considered to be from this country.
19,culture|culinary,"A traditional dish from this country, paella, originates from Valencia."
20,culture|art,It is the birthplace of the artist known for the painting 'The Persistence of Memory'.
