1,history,"This country is the only African nation that has never been colonized, maintaining its independence throughout the Scramble for Africa."
2,culture|history,"It is believed to be the birthplace of coffee, specifically from the region of Kaffa, where the plant was discovered in the 9th century."
3,history|culture,The ancient obelisks found in Axum are a testament to its historical significance as a powerful kingdom and trading empire.
4,culture,"This country follows a unique calendar that is seven to eight years behind the Gregorian calendar, celebrating New Year on September 11th."
5,nature,"It is home to the Danakil Depression, one of the hottest and most inhospitable places on Earth, but also one of the most otherworldly beautiful."
6,culture,"The traditional dish, injera, is a sourdough flatbread made from teff flour and is a staple in this country's cuisine."
7,culture|history,"This country houses eleven UNESCO World Heritage Sites, including the rock-hewn churches of Lalibela, which are considered a wonder of the world."
8,culture|history,"The Rastafarian movement worships the former emperor of this country, Haile Selassie I, as a messianic figure."
9,nature,"The Ethiopian Highlands are known as the 'Roof of Africa' and include the Simien Mountains National Park, famous for its breathtaking landscapes."
10,nature,"This country is the source of the Blue Nile, which together with the White Nile, makes up the Nile River, the longest river in the world."
11,history,"Lucy, one of the oldest known human ancestors, was discovered in this country; her remains are estimated to be 3.2 million years old."
12,culture,"The traditional sport of this country, Tej, involves a form of stick fighting known as 'Genna' or 'Donga'."
13,culture,"Coffee ceremonies are an integral part of this country's culture, involving the roasting and brewing of coffee in a traditional manner."
14,culture|history,"This country's alphabet, Ge'ez, is one of the oldest alphabets still in use in the world."
15,culture,"Timkat, the Epiphany festival of this country, is a colorful celebration that features processions, music, and the ritual reenactment of baptism."
16,culture,"It is the second-most populous country in Africa, with over 100 different ethnic groups and languages."
17,culture|history,"The Harar Jugol, the old fortified historic town, is considered the 'fourth holy city of Islam' with 82 mosques, some of which date back to the 10th century."
18,culture|history,This country's flag inspired the pan-African colors that are now used by several African nations in their flags.
19,culture|history,The Church of Saint George in Lalibela is carved from a single piece of rock in the shape of a cross.
20,culture,"The Great Ethiopian Run, founded by famous runner Haile Gebrselassie, is the biggest road race in Africa."
