1,nature,"This country is known as the land of a thousand lakes, but in reality, it has around 188,000 lakes."
2,culture|law,"The concept of 'Everyman's Right' allows people to roam freely in nature, pick berries and mushrooms, regardless of land ownership."
3,culture|tourism,"It's the home of Santa Claus, with a village dedicated to him located above the Arctic Circle."
4,culture|history,"The indigenous people of this country, the Sami, have their own languages, culture, and traditional reindeer herding practices."
5,culture,"It has more saunas than cars, making the sauna an integral part of its national identity."
6,culture,"The national sleep night, 'Nuku yö ulkona', encourages people to sleep outdoors once a year."
7,society,"It consistently ranks high in global happiness, education, and quality of life indexes."
8,culture,"This country introduced the world to the concept of 'sisu', a unique form of stoic determination."
9,culture,"It is the world's biggest consumer of coffee per capita, with an average adult consuming around 12 kilograms of coffee a year."
10,culture|sports,"The traditional Finnish sport 'pesäpallo' is a fast-paced bat-and-ball game, often considered the national sport."
11,culture|sports,"It hosts the Wife Carrying World Championships, an annual event that draws competitors from around the globe."
12,nature,"The Archipelago Sea contains approximately 40,000 islands, making it one of the world's largest archipelagos."
13,history,"It was the first country in Europe to grant women the right to vote, in 1906."
14,culture,"The Finnish language belongs to the Finno-Ugric language family, making it vastly different from most other European languages."
15,nature,"The Aurora Borealis, or Northern Lights, can be seen about 200 nights a year in Lapland, the northern part of this country."
16,culture|tourism,"It has a tradition of building ice hotels, which are reconstructed every winter."
17,culture,"The concept of 'kalsarikännit', meaning to stay in and drink alcohol in your underwear, highlights a unique aspect of its culture."
18,culture,"Moomins, the beloved characters created by Tove Jansson, originated from this country and have gained international fame."
19,culture,"It has a significant number of metal bands per capita, with heavy metal music being remarkably popular."
20,culture|history,"The design and architecture sector is highly esteemed globally, with contributions to modern design and functionalism."
