1,geography,This country is made up of over 330 islands.
2,nature,"It is home to the Great Astrolabe Reef, one of the largest barrier reefs in the world."
3,culture|food,"This country's traditional drink, kava, is made from the root of a pepper plant."
4,culture|food,"Its traditional dish, Kokoda, is a raw fish salad marinated in citrus juice and coconut milk."
5,culture|traditions,"The fire-walking ceremony, vilavilairevo, originated from the Beqa Island in this country."
6,culture|traditions,"In this country, it's considered disrespectful to touch someone's head."
7,nature,This country is known as the 'Soft Coral Capital of the World' due to its vibrant underwater ecosystem.
8,nature|geography,"The Taveuni Island, located in this country, is known as the 'Garden Island' due to its abundant flora."
9,geography|nature,Yasawa Islands in this country offer stunning vistas of turquoise water and white sandy beaches.
10,history|culture,"This country started issuing its own postage stamps in 1870, featuring various native plants and birds."
11,culture|events,"One of the longest running agricultural shows in the Pacific, the Hibiscus Festival, takes place in this country."
12,environment|history,This country is the first in the world to incorporate 'climate vulnerability' in its development plans.
13,nature|animals,"The Fiji Banded Iguana, a brightly colored species of lizard, is native to this country."
14,culture|traditions,"In this country, gifting a tooth of a sperm whale, or tabua, is a highly respected traditional practice."
15,culture|sports,Rugby is the most popular sport in this country.
16,sports|events,"This country hosts the annual South Pacific Games, featuring participants from various Pacific island nations."
17,nature|history,The Sigatoka Sand Dunes National Park was the first national park to be established in this country.
18,history,There's an island in this country that's thought to be the last place where cannibalism was practiced.
19,culture|language,"There is a unique Fijian language, which includes variations that reflect the country's different regions."
20,history,This country became fully independent from British colonial rule in 1970.
