1,geography,"Despite its name, this country is comprised of over 600 islands scattered across the Pacific Ocean."
2,nature|environment,This country's underwater world features one of the world's most diverse marine ecosystems.
3,culture|population,Many of the islands in this country are still inhabited by indigenous tribes.
4,culture|history,The traditional skills of navigation and canoe building are still alive and practised in this country.
5,culture,"In this country, betel nut chewing is a common pastime, often combined with smoking and storytelling."
6,culture|history,Traditional dances that tell stories of history and legend are integral to this country's culture.
7,culture|architecture,"Many inhabitants of this country live in traditionally designed huts, made from local materials."
8,tourism|history,The islands of this country contain multiple shipwreck sites which are a popular destination for scuba diving.
9,history|culture,"In this country, stone money, known as Rai, was used in the past and some of the stone discs are as large as cars."
10,nature|tourism,"This country is home to the Karolyn Bird Sanctuary, which is a haven for migratory birds and several rare endemic species."
11,culture|cuisine,"This country's cuisine is largely based on seafood, taro, bananas and coconuts."
12,culture,"Stick dance is a common traditional game in this country, demonstrating agility and coordination."
13,culture,The traditional dresses of this country are brightly colored and often decorated with distinctive geometric patterns.
14,history|culture,Stone paths and ceremonial complexes can still be found in many places in this country.
15,culture|arts,Local carvers in this country are known for their skill in carving intricate storyboards.
16,culture,"In this country, local legends and myths are often portrayed in songs and dances."
17,culture|population|language,"This country's indigenous tribes each have their own unique culture, language, and traditions."
18,nature,"This country's marine life includes over 7,000 different species of vibrant corals and tropical fish."
19,culture,"In this country, villagers traditionally gather around the ‘kava bowl’ for ceremonies and social events."
20,culture|sports,A unique sport in this country called Bireklai involves spinning tops and is seen as an expression of physical prowess and coordination.
