1,geography,This country is often referred to as 'l'hexagone' due to its distinctive six-sided shape.
2,culture|film,"This country is the birthplace of cinema, and holds one of the world's most prestigious film festivals each year in Cannes."
3,tourism,"In terms of pure visitors, this country is the most visited country in the world."
4,food,There are more than 400 types of cheese produced in this country.
5,history|animals,The world's first public zoo was opened in this country in the 18th century.
6,sport,"This country has won the FIFA World Cup twice, once in 1998 and again in 2018."
7,geography|nature,"This country is home to Europe's highest mountain, Mont Blanc, which stands at 4,808m above sea level."
8,culture,"In this country, kissing on both cheeks is a common way of greeting friends and family."
9,architecture|history,"There are 40,000 chateaus in this country, many of which have rich histories and stunning architecture."
10,sport,"The world's most known cycle race, the Tour de France, takes place annualy in this country."
11,culture|education,This country has more Nobel Prizes for Literature than any other country in the world.
12,culture,"In this country, it is considered polite to say 'bonjour' (hello) or 'bonsoir' (good evening) when you enter a shop."
13,landmarks,"One of the most celebrated landmarks in the world, Eiffel Tower, is in this country."
14,fashion,"This country is the birthplace of famous fashion houses such as Chanel, Louis Vuitton, and Dior."
15,history,This country's flag is known as the 'Tricolor' and has become one of the most influential flags in history.
16,culture,In this country there is a phrase 'joie de vivre' which stands for enjoyment of life.
17,culture|art,"This country is home to the Louvre Museum, which is the largest art museum in the world and a historic monument in itself."
18,culture|food,People from this country consume 11.2 billion glasses of wine every year which is the highest wine consumption in the world.
19,geography,"This country has the most time zones in the world, due to its various global territories."
20,history|landmarks,Underneath this country's capital city there are extensive catacombs that hold the remains of more than 6 million people.
