1,economy|nature,This country is one of the world's largest producers of manganese.
2,nature|biodiversity,It is home to more than 700 species of birds.
3,nature|geography,This country hosts one of the most well-preserved rainforests in the world.
4,geography|nature,More than 80% of this country's area is covered by forests.
5,culture|society,It has the highest urbanization rate in Africa.
6,culture|language,"40 indigenous languages are spoken, but French serves as the official language."
7,geography|nature,It is situated on the equator and has an equatorial climate
8,nature|geography,National Parks cover 10% of the entire land area of this country.
9,nature|wildlife,The waters off the coast of this country are home to significant populations of humpback whales.
10,culture|education,This country's education system is based on the French education model.
11,nature|flora,The Barbary fig and Dika nut tree are widely found in this country.
12,culture|food,Its cuisine is influenced by French and traditional African cooking.
13,culture|music,"Music of this country, especially the genre called 'Benga', is famous throughout Africa."
14,culture|religion,"The people of this country practice a fascinating syndication of ancestor worship, animism, and Christianity."
15,tourism|nature,"The Akanda National Park, with its mangroves and beaches, is a popular tourist destination."
16,culture|architecture,It is known for its beautiful capital city's ocean-front boulevards and its colonial architecture.
17,culture|sports,Traditional wrestling is considered the national sport.
18,geography|nature,"The longest river, called the Ogooué, extends more than 1,000 kilometers."
19,culture|religion,Around 80% of this country's population is Roman Catholic.
20,culture|education,It has one of Africa's highest school enrollment rates.
