1,culture|literature,"This country is the birthplace of the world's most famous detective, who never actually existed."
2,education|history,"The oldest university in the English-speaking world, dating back to 1096, is located here."
3,culture|landmarks,This country is home to the world's largest four-faced clock.
4,nature|history,It has a national park known for its rugged coastline and medieval castles.
5,history|culture,The world's first public zoo was opened in this country in 1828.
6,culture|food,"This country is the origin of the sandwich, invented by an aristocrat in the 18th century."
7,history|culture,"One of the most iconic prehistoric monuments, dating back to around 3000 BC, is located here."
8,culture|sports,This nation competes as four separate countries in international football.
9,history|culture,The world's first postage stamp was issued in this country in 1840.
10,history|maritime,It is home to a famous ship that is the last surviving tea clipper and the fastest of its time.
11,culture|literature,This country publishes more books per capita than any other country.
12,engineering|geography,It has a tunnel under the sea that connects it with another country.
13,culture|food,A famous beverage that changes color from blue to purple with a change in pH was invented here.
14,technology|history,The inventor of the World Wide Web was born in this country.
15,history|mystery,It is known for a mysterious prehistoric circle of stones that has been a subject of speculation for centuries.
16,culture|literature,"A popular wizarding school, though fictional, is said to be located in the highlands of this country."
17,culture|food,The tradition of afternoon tea was popularized in the 19th century by a Duchess from this country.
18,education|history,"It has over 100 universities, with some being among the oldest and most prestigious in the world."
19,sports|culture,This country introduced the world to a famous five-day cricket match.
20,culture|literature,"It is the setting for the creation of many beloved children's literature characters, from a silly old bear to a marmalade-loving bear."
