1,culture|economy,This country is known as the 'Island of Spice' due to its significant production of nutmeg and mace crops.
2,culture|travel,"The world's first underwater sculpture park, created by Jason deCaires Taylor, is located in this country."
3,history,This nation was the first in the world to hold a referendum on becoming an associated state with the United Kingdom in 1967.
4,geography,It is the smallest independent country in the western hemisphere by land area.
5,culture|food,"This country's national dish is called 'Oil Down,' a flavorful stew made with breadfruit, coconut milk, and turmeric."
6,nature|animals,"The Grenada Dove, considered critically endangered, is the national bird of this country."
7,economy|food,"It boasts one of the few chocolate factories in the world that is bean-to-bar, meaning it processes cocoa beans into chocolate on-site."
8,culture|food,"This nation celebrates an annual Chocolate Fest, highlighting its rich history and current innovations in chocolate making."
9,economy|food,It is home to the world's first organic rum distillery.
10,travel|nature,"The Grand Anse Beach, a stunning two-mile stretch of white sand, is among the most famous beaches in this country."
11,geography|nature,"This country's highest point is Mount Saint Catherine, standing at 840 meters (2,756 feet)."
12,economy|history,"It was once the world's sole provider of nutmeg, contributing to more than a third of the global supply."
13,culture|history,"This country has a unique festival called 'Spicemas,' a carnival full of vibrant costumes, music, and dance, celebrated in August."
14,travel|nature,"Annandale Falls, a breathtaking waterfall surrounded by lush vegetation, is a popular attraction in this country."
15,culture,"The national flag features a nutmeg pod, symbolizing the island's identity as a spice island."
16,sports|history,This country is one of the smallest to have ever participated in the Winter Olympics.
17,travel|history,"It has a significant number of shipwrecks around its waters, making it a prime spot for scuba diving."
18,nature|geography,"The Lake Antoine, a natural volcanic crater lake, is one of its notable natural landmarks."
19,history|culture,"Belmont Estate, a 17th-century plantation, offers a glimpse into this country's past and its agricultural heritage."
20,geography|nature,"It is part of the Windward Islands, located at the southern end of the Grenadines chain."
