1,history|culture|food,"This country is one of the oldest wine regions in the world, with evidence of winemaking dating back 8,000 years."
2,music|culture|history,The traditional polyphonic singing from this country is inscribed in UNESCO’s list of Intangible Cultural Heritage.
3,history|culture|language,The country's alphabet is unique and one of the 14 independent alphabets in the world.
4,history|trade,A section of the historic Silk Road passes through this country.
5,geography|history|culture,"Ushguli, located in this country, is one of the highest continuously inhabited settlements in Europe."
6,nature|geography,"There are over 4,500 caves that have been discovered in this country."
7,food|culture,"Pit-Stop Khinkali in Varketili serves one of the best Khinkali, the national dish of this country."
8,culture|religion|nature,"It is home to the Katskhi Pillar, an isolated rock column that holds a small church on its peak, used by a single monk."
9,wine|culture|history,"The country's wine process, which involves fermenting the beverage in clay jars in the ground, is recognized by UNESCO."
10,nature|tourism|hiking,"The breathtaking Mount Kazbek lies in this country, which is one the most popular targets for mountaineers from around the globe."
11,nature|tourism,"Inside this country's Batumi Botanical Garden, you can find plants from nine phyto-geographic areas."
12,history|mythology|culture,It is the homeland of the mythical golden fleece pursued by Jason and the Argonauts in ancient Greek mythology.
13,dance|culture|history,"The dancing tradition in this country is centuries old, and some dances involve the performers wielding swords and shields."
14,culture|festivals|food,"They celebrate a festival called Rtveli, marks the grape harvest, and involves feasting, singing, and dancing."
15,culture|tradition,"The town of Sighnaghi in this country is known as the 'City of Love', famous for its wedding chapel that marries couples 24/7."
16,history|archaeology|tourism,"It is home to the ancient cave city of Uplistsikhe, which dates back to the Early Iron Age."
17,nature|conservation|biodiversity,The forests of this country are part of the list of ecoregions for biodiversity conservation.
18,dance|culture|history,"One of the Bolshoi Theatre's most accomplished ballet dancers, George Balanchine, was born in this country."
19,nature|wine|tourism,The Alazani Valley and its stunning landscapes in this country are considered a cradle of the wine.
20,history|architecture,"The Svaneti region in this country is known for its more than 200 unique medieval tower houses, used for defense and signaling."
