1,history|nature,This country is known as the 'Gold Coast' for its rich deposits of gold and other minerals.
2,geography|nature,"The world's largest artificial reservoir by surface area, Lake Volta, is found here."
3,history,This nation was the first African country to gain independence from colonial rule in 1957.
4,culture|history,"The traditional kente cloth, known for its colorful patterns and symbolic significance, originates from here."
5,economy|nature,This country is one of the world's largest cocoa producers.
6,culture|traditions,"The fantasy coffin industry, where coffins are crafted in elaborate shapes to reflect the deceased's life or interests, is a unique cultural practice here."
7,history|culture,"It is home to the Ashanti Empire, known for its rich history and cultural heritage, including the famous golden stool."
8,nature|tourism,"The Mole National Park offers a chance to see elephants, leopards, and other wildlife up close."
9,culture|music,"Highlife, a music genre that originated in this country, combines traditional rhythms with Western instruments."
10,history|culture,"This country's flag features red, yellow, and green with a black star, symbolizing the struggle for independence, mineral wealth, the forests, and African freedom, respectively."
11,geography|environment,"The capital city hosts the largest electronic waste dump in the world, raising significant environmental concerns."
12,culture|food,"Jollof rice, a popular dish in West Africa, is claimed by this nation to be its best version."
13,culture|traditions,"The Akwasidae Festival is a traditional ceremony that occurs every six weeks, celebrating the Ashanti kings and ancestors."
14,tourism|nature,Kakum National Park is known for its canopy walkway suspended 30 meters above the ground.
15,culture|history,The W.E.B. Du Bois Center is dedicated to the life and works of the African-American scholar who chose to spend his final years in this country.
16,history|culture,This country's name means 'Warrior King' in the indigenous language.
17,culture|traditions,It has a unique system of naming children based on the day of the week they were born.
18,culture|history,The Manhyia Palace Museum provides insight into the rich history of the Ashanti Kingdom.
19,nature|culture,Paga Crocodile Pond is a sacred site where crocodiles live in harmony with the local people.
20,culture|art,The annual Chale Wote Street Art Festival brings together international artists in a vibrant celebration of art and culture.
