1,geography,This country is the smallest country on mainland Africa.
2,culture|music,"One of its prevalent forms of music, called kora, is performed with a 21-string lute-like instrument."
3,geography,It's completely surrounded by Senegal except for a short coastline along the Atlantic Ocean.
4,history|tourism,"The Stone Circles of Senegambia, located in this country and Senegal, are a UNESCO World Heritage site."
5,nature|tourism,The Kiang West National Park in this nation is home to more than 250 species of birds.
6,geography,"This country is bisected by the Gambia River, which flows across the country from east to west."
7,culture|food,"The country's cuisine prominently features a dish called domoda, a tasty peanut soup with meat usually served with rice."
8,nature,Endangered animals such as the African manatee and the red colobus monkey inhabit this country's national parks.
9,culture,There is a tradition in this country known as kankurang where a masquerade is performed to teach societal values to boys.
10,culture|tourism,This country's national museum is one of the oldest in Africa and holds exhibits on archaeology and ethnography.
11,culture|sports,"Traditional wrestling, known locally as 'Borreh', is a popular sport in this country."
12,literature|culture,"This country plays a significant role in Alex Haley's 1976 novel 'Roots', half of which is set here."
13,nature|biodiversity,"Due to its geographic location, this country has diverse plant and animal life, including over 540 bird species."
14,economy|agriculture,"Over 63% of this country's population is engaged in agriculture, with groundnuts as its main export crop."
15,nature|tourism,"This country is well-known as a bird-watching paradise, attracting ornithologists from around the world."
16,culture|food,"Its traditional culinary specialty includes a rich, hearty stew called 'benachin' made with fish, rice, and vegetables."
17,culture|tourism,"Kachikally Crocodile Pool, which doubles as a museum and a fertility shrine, is a popular tourist spot in this country."
18,economy,"The country has a mixed economy that includes tourism, agriculture, and overseas remittances."
19,culture|food,"The staple diets of the locals include rice, fish, and meat, with the latter being a sign of affluence."
20,culture|diversity,"Despite its small size, the country has more than eight major ethnic groups, each with its unique language and traditions."
