1,economy|natural resources,"This country is the world's second largest producer of bauxite, an aluminum ore."
2,culture|music,"It is known for the vibrant culture of dance and music, particularly the djembe drum and the dance style 'doundounba'."
3,culture|traditions,"In this country, throwing a big party to celebrate a new born baby is a common tradition."
4,nature|travel,"This country is home to Mount Nimba Strict Nature Reserve, a UNESCO World Heritage Site."
5,culture|religion,The majority of the population in this country practices Islam.
6,culture|language,"The population is divided into more than 24 ethnic groups, each with its own unique language and traditions."
7,culture|literature,This country has a rich literary tradition with dozens of authors rewriting the oral history of the nation in books.
8,nature|wildlife,"It is home to the 'Fouta Djallon', a highland region rich in natural beauty and rare species of wildlife."
9,history|ancient history,This country was a part of the Mali Empire in the Middle Ages.
10,culture|clothing,The traditional clothing in this country includes a long flowing gown known as the 'boubou'.
11,history|colonization,This country was the first in Africa to gain independence from European colonization.
12,wildlife|nature,It's home to a high amount of chimpanzees that can be found across the country.
13,culture|people,The people of this country are known to be very friendly and hospitable.
14,culture|folklore,The country's folkloric tradition includes the passing of stories and legends orally.
15,nature|geography,"It is one of the countries crossed by the Niger River, one of Africa's major rivers."
16,culture|symbols,The national symbol of this country is the elephant.
17,culture|economy,"In this country, markets play a very important role in daily life, with people gathering to buy and sell goods, but also to socialize."
18,culture|cuisine,This country's culinary tradition heavily features rice and sauce dishes.
19,language|culture,"The official language of this country is French, but there are several local languages used in daily life."
20,nature|geography,"It is known for its stunning landscape features, including waterfalls, mountains, and the rainforest."
