1,language|culture,This country is the only sovereign African state in which Spanish is an official language.
2,geography,"Despite its name, this country does not lie on the Equator; instead it is located in the central part of Africa."
3,geography,"It is one of the smallest countries in Africa, both in terms of land area and population."
4,nature|tourism,"The country's mainland, Río Muni, has several protected national parks, teeming with wildlife."
5,nature|science,"Bioko Island, part of this country, is known for its biodiversity and is a significant site for primatological research."
6,culture|music,"In this country, traditional music styles like Fang-Ntumu music and Bubi music, are popular and widely practiced."
7,culture|demographics,"The Fang ethnic group is the largest in the country, traditionally being hunter-gatherers."
8,colonial history,This country was a Spanish colony from the late 1800s up to 1968.
9,economy,It experienced a fast economic growth due to oil discoveries in the late 20th century.
10,architecture|arts,Modern buildings in cities like Malabo and Bata showcase a blend of traditional African art and Spanish colonial architecture.
11,food|culture,Cuisine in this country features a combination of native Central African ingredients and Spanish culinary traditions.
12,sports,Soccer is considered the most popular sport in this country.
13,culture|festivals,"Carnival is a major cultural event in this country, featuring colorful parades, music, and dancing."
14,economy,It is one of the richest nations in Africa in terms of GDP per capita.
15,culture|language,Peoples in this country also speak indigenous languages such as Fang and Bube.
16,nature|geography,The country is home to both volcanoes and beautiful beaches.
17,culture|dance,Traditional dance in this country often involves large wooden masks and complex choreography.
18,food|culture,"Bushmeat, once a dietary staple in this country, remains a popular, albeit controversial, food."
19,art|culture,"In this country, the Bamileke people create intricate, colorful beadwork art."
20,geography|history,"This country claims an exclave, the island of Annobón, located more than 350 km away from the mainland."
