1,history|culture,This country is often referred to as the cradle of Western civilization.
2,culture|social,"In this country, voting is required by law for every citizen who is 18 or older."
3,history|culture,This country has more archaeological museums than any other country in the world.
4,nature|geography,Nearly 80% of this country is mountainous.
5,history|sports,"The original Olympic Games were held in Olympia, in this country."
6,history|culture,The first known democracy in the world was created in this country.
7,nature|geography,"There are more than 2,000 islands in this country, but only 170 are populated."
8,culture|history,"This country is famous for its ancient philosophers, including Socrates, Plato, and Aristotle."
9,culture|history,The practice of presenting a bride with a dowry originated from this country.
10,food|culture,This country has the highest consumption of olive oil per capita in the world.
11,culture|music|cinema,"One traditional dance in this country is the 'Sirtaki', made famous by the 1964 film 'Zorba the Greek'."
12,history|culture|entertainment,This country introduced the world to theatre and had built the first theatre in the world.
13,nature|weather,"With 250 days of sunshine, this country is one of the sunniest places in the world."
14,food|nature,The world's third leading producer of saffron is this country.
15,culture|social,"In this country, it is considered disrespectful to wave with an open hand, it is seen as a form of cursing."
16,religion|culture,"Over 90% of the people in this country practice Greek Orthodoxy, one of the oldest branches of Christianity."
17,architecture|culture,This country is renowned for its blue-domed churches and white-washed buildings.
18,social|profession,"More than 15,000 people in this country are qualified as professional divers."
19,culture|nature,"The national animal of this country is the dolphin, a symbol of friendship and solidarity."
20,history|tourism,"This country is home to 18 UNESCO World Heritage Sites, which include ancient sanctuaries and medieval cities."
