1,nature,This country is known as the Land of Eternal Spring due to its pleasant climate year-round.
2,history|culture,"It is home to the ancient Maya city of Tikal, one of the largest archaeological sites of the Maya civilization."
3,nature|culture,"The national bird, the Resplendent Quetzal, is deeply rooted in this country's mythology and is a symbol of freedom."
4,culture|food,This country produces some of the world's finest and most distinctive coffee.
5,nature|travel,"Lake Atitlán, described by some as the most beautiful lake in the world, is surrounded by volcanoes and indigenous villages."
6,history|food,"This nation introduced chocolate to the world, with the ancient Maya considering it the food of the gods."
7,nature|travel,"Semuc Champey, a natural limestone bridge with a series of stepped, turquoise pools, is a hidden gem for visitors."
8,culture|fashion,"The colorful traditional clothing, particularly the huipil, is an important part of this country's cultural identity."
9,culture|traditions,"Worry dolls, small handmade dolls, are a traditional craft believed to take away worries when placed under a pillow."
10,culture|travel,The Chichicastenango Market is one of the largest and most vibrant indigenous markets in Latin America.
11,history|travel,"Antigua, a UNESCO World Heritage Site, is renowned for its well-preserved Spanish Baroque-influenced architecture."
12,culture|music,"This country is the birthplace of the Marimba, an instrument declared a national symbol and widely used in traditional music."
13,culture|traditions,"The Giant Kite Festival on November 1st is a sight to behold, with massive kites flown to honor the dead."
14,nature|travel,"Pacaya, one of its most active volcanoes, offers visitors the unique experience of seeing lava flows up close."
15,culture|dance,"It has a rich tradition of folkloric dance, which tells stories of the Mayan heritage and colonial past."
16,nature|travel,"The Rio Dulce region offers breathtaking natural scenery, including a river journey to the Caribbean coast."
17,food|culture,This country's version of the tortilla is thicker than its Mexican counterpart and is a staple in the local diet.
18,nature|travel,"It has the highest peak in Central America, Volcán Tajumulco, which is a popular destination for hikers."
19,nature|culture,"The national symbol, the Ceiba tree, is considered sacred and was revered by the ancient Maya."
20,culture|dance,Salsa is not only a popular food item but also a dance that is enjoyed in many social settings throughout this country.
