1,nature|economy,This country is known for having some of the richest fishing grounds in the world.
2,culture|economy,"Many inhabitants of this country lead subsistence lifestyles, farming crops like cashews and rice."
3,culture|language,"The official language of this country is Portuguese, but native tongues like Crioulo are also widely spoken."
4,culture|arts,"In this country, dance and music are highly celebrated and used as a way of storytelling."
5,geography|nature,"This country lies on the west coast of Africa and includes the Bijagos archipelago, an UNESCO Biosphere Reserve."
6,culture|arts,"This country is renown for its beautiful traditional mask dances, known as 'Gumbe'."
7,culture|society,Bissagos Islands in this country are famous for their matriarchal society where women choose their husbands and handle property management.
8,food|culture,"Pilão, a strong coffee served with rice and milk, is a traditional and beloved drink in this country."
9,sports|culture,"In this country, wrestling is a popular and traditional sport enjoyed by many."
10,nature|wildlife,"This country is home to the sacred forest of Cantanhez, where rare monkeys and chimpanzees can be seen."
11,society|culture,"In this country, the tradition of respecting the elder is deeply embedded in the society."
12,history|culture,"In this nation, griot, or oral historians and musicians, are an integral part of the society preserving local history and traditions."
13,culture|architecture,The architects of this country are known for their unique style of sculpting houses from mud.
14,culture|music,"This country's musical genre, 'Gumbe', is known worldwide, synthesizing African, Portuguese, and Brazilian influences."
15,nature|wildlife,"Dulombi-Boe National Park in this country is an important habitat for diverse wildlife, including leopards and elephants."
16,culture|fashion,"In this country, many people prefer to wear vibrant, colorful clothing made from handwoven cloth."
17,nature|wildlife,"This country's coastline is famous for its nesting grounds for sea turtles, including the endangered leatherback turtle."
18,culture|society,"In this country, twin births are considered a blessing and a cause for celebration."
19,culture|holidays,"An important holiday in this country is the celebration of the end of the cashew harvest, featuring parades and festivities."
20,history|exploration,This country was one of the first places in Africa visited by explorers in the Age of Discovery.
