1,language|geography,This country is the only English-speaking country in South America.
2,geography|population,"Nearly 90% of the population lives along the coast, despite it making up only 10% of the land."
3,infrastructure|world records,The Demerara Harbour Bridge here is among the longest floating bridges in the world.
4,nature|symbols,"The canje 'Pheasant', is one of this country's national birds, considered unique to this country."
5,nature|world records,"This country boasts the highest single-drop waterfall in the world, Kaieteur Falls."
6,geography|nature,"It's home to the Rupununi Savannah, one of the largest savannahs in the world."
7,climate,"This country's climate is tropical, typically hot and humid throughout the year."
8,culture|people,"It has a rich cultural mix with influences of African, Indian, Amerindian, Chinese and Portuguese."
9,religion,The majority of the people in this country are either Christian or Hindu.
10,sports|culture,Cricket is among the most popular sports in this country.
11,nature|world records,This country has one of the largest unspoiled rainforests in the world.
12,nature|history,The Guyana Shield in this country is one of the oldest geological formations in the world.
13,economy,A significant part of this country's GDP comes from gold mining.
14,farming|nature,Livestock farming includes rearing of unique breeds like Creole cattle and Black Giant poultry.
15,nature|wildlife,"This country is home to many unique species, including the jaguar and the giant river otter."
16,tourism|nature|geography,"330-meter high Orinduik Falls, where the Ireng River cascades off the Pakaraima Plateau, is a great tourist attraction in this country."
17,culture|cuisine,"The country's traditional cuisine includes dishes like pepperpot, a stewed meat dish."
18,culture|festivals,"The vibrant Mashramani festival, celebrated annually, includes parades, music and dance."
19,nature|world records,This country has the greatest number of water resources available per capita in the world.
20,nature|wildlife,Essequibo Islands-West Demerara region in this country is famous for its bird sanctuary that houses various rare and endangered species.
