1,geography,"This country is the second largest in Central America, after Nicaragua."
2,geography|nature,"Sixty percent of this country is forested, much of it difficult to reach."
3,society|geography,"It is one of the least urbanized countries in Latin America, with more than half of its population living in rural areas."
4,history|culture,"This country is known for its rich Maya history, including the ancient city of Copan."
5,culture,"The culture in this country is the synthesis of the indigenous culture (Lenca, Misquito, Pech, Tolupans) and Spanish culture."
6,geography,It is the only country in Central America with no Pacific coastline.
7,economy,"It is known for its production of coffee, tropical fruit, and sugarcane."
8,nature|culture,"It is home to the rare scarlet macaw and the Honduran white bat, both national symbols."
9,culture|history,The greatest and most celebrated Honduran artist is Jose Antonio Velasquez.
10,culture,The Garifuna community in this country is known for Punta music and dance.
11,nature|tourism,The Bay Islands are popular scuba diving and fishing destinations.
12,geography,The Mosquito Coast is the least populated region in the country.
13,history|geography,The first European settlement in continental America was in this country.
14,nature|geography,The Caratasca Lagoon is the largest lake in the country.
15,nature|tourism,The Rio Platano Biosphere Reserve is a UNESCO World Heritage site known for its wealth of species.
16,culture|food,"Traditional food includes tortillas, beans, and plantains."
17,culture|history,The majority of the country's literature comes from its oral tradition.
18,culture|sports,Soccer is the most popular sport in the country.
19,culture|music,"The country is known for its folkore dances like the Xique, and traditional instrument the marimba."
20,nature|tourism,The El Cusuco National Park in Cusuco is known for its monolithic nature and biodiversity.
