1,culture|records,"This country is known for having the smallest town in the world, according to the Guinness Book of Records."
2,culture|nature,"It is home to a unique natural phenomenon where the sea organ, an architectural sound art object, plays music by way of sea waves and tubes located underneath a set of large marble steps."
3,geography,"This country's coast stretches for over 1,000 miles, but when you include the islands, the total coastline extends to more than 4,000 miles."
4,culture|animals,"The Dalmatian dog is traditionally believed to have originated from this country, specifically from the region its name suggests."
5,culture|history,"It has one of the highest numbers of UNESCO Intangible Goods of any European country, showcasing its rich intangible cultural heritage."
6,culture|history,"The necktie, a global business attire staple, has its origins in this country, dating back to the 17th century."
7,culture|entertainment,"This country is the filming location for numerous scenes from the famous TV series 'Game of Thrones', including the city of Dubrovnik serving as King's Landing."
8,nature|culture,"It has a forest named after fairy tales, owing to its enchanting beauty and the many legends that surround it."
9,culture|history,"This country celebrates a festival where participants engage in an ancient knightly tournament, commemorating historical battles with authentic medieval equipment."
10,history|culture,"It's the site of one of the world's most beautiful amphitheaters, which is still in use today for performances and festivals."
11,history|inventions,"The inventor of the torpedo was born in this country, leading to a significant advancement in naval warfare technology, albeit in a peaceful context here."
12,culture|records,"Home to the largest white truffle ever found, which holds a place in the Guinness World Records."
13,culture|history,"This country has an official day celebrating neckties, highlighting their contribution to world fashion."
14,geography|nature,"One of its islands is known for having an almost perfectly spherical shape, which is a rare geological phenomenon."
15,culture|museums,"This country boasts a museum dedicated entirely to broken relationships, showcasing personal items from failed relationships around the world."
16,culture|gastronomy,"It is the producer of one of the world's most expensive cheeses, made from the milk of donkeys."
17,history|culture,"One of the oldest continuously inhabited cities in Europe is located in this country, with evidence of settlement dating back over 8,000 years."
18,history|culture,"It has a tradition of building small, boat-like vessels known as 'trabakul', which played a significant role in its maritime history."
19,demographics,This country's residents have one of the highest life expectancies in the world.
20,culture|nature,"A popular belief in this country is that the winds influence mood and health, with each wind having its own name and associated characteristics."
