1,geography,This country shares an island with the Dominican Republic.
2,history,It was the first black-led republic in the world and the second independent country in North America after the United States.
3,culture|religion,"The majority of inhabitants practice two religions, Catholicism and Vodou, with many incorporating elements of both in their daily lives."
4,architecture|history,"One of the most prominent architectural structures in this country is the Sans-Souci Palace, once deemed as the Caribbean equivalent to the Palace of Versailles."
5,architecture|history,"The sight of the massive Citadelle Laferrière, the largest fortress in the Americas, is a testament to this country's rich architectural heritage."
6,language|culture,"Officially, two languages are spoken in this country, French and Haitian Creole."
7,geography|nature,"Despite its tropical location, this country has been known to experience frost during the winter in its mountainous regions."
8,culture|music,"Lakou Mizik, a multigenerational collective of musicians, is one of the country's most celebrated music groups."
9,culture|history|places to visit,"Home to a UNESCO World Heritage Site, the National History Park, this country delights with its cultural and historical offerings."
10,nature|geography,"Despite its small size, this country boasts more than 20 different ecosystems."
11,culture|economy,"Following the tradition of 'Madan Sara', women in this country play a key role in the domestic economy."
12,culture|traditional dance,"This country's folk dances, such as 'yanvalou' and 'banda', are deeply rooted in African traditions."
13,culture|cuisine,"Pikliz, a fiery pickled vegetable relish, is a staple condiment in this country's cuisine."
14,culture|sports,"This country's national sport is soccer, but basketball is also popular among locals."
15,culture|economy,"In this country, homeowners often leave their homes unpainted as a tax-avoidance strategy, as houses are only taxed when completely finished."
16,culture|artists,"One of this country's most notable artists is Philome Obin, a self-taught painter renowned for his detailed portrayals of daily life."
17,places to visit|nature,"One of the most scenic spots to visit in this country is the Etang Saumâtre, the largest lake and an important bird area."
18,economy|agriculture,The agricultural sector of this country's economy is largely dominated by small-scale subsistence farming.
19,culture|cuisine,"Ground provisions, like yams, potatoes, and beans, plays a considerable role in this country's cuisine."
20,culture|literature,"Despite limited resources, this country has produced remarkable literature, with Frankétienne and Jean Price-Mars among its most renowned authors."
