1,culture|inventions,"This country is the birthplace of the Rubik's Cube, a puzzle invented by Ernő Rubik in 1974."
2,nature|unique places,The world's largest thermal water cave system can be found beneath the surface of this country.
3,nature|unique places,"It is home to the second largest thermal lake in the world, Lake Hévíz, where one can bathe all year round."
4,culture|history,"This country introduced the world to the first official wine region, Tokaj, recognized for its sweet dessert wines."
5,culture|history,The tradition of the Christmas tree and decorating it originated from this country in the 16th century.
6,culture|history|unique places,It is one of the few places in the world where one can experience traditional thermal baths dating back to Roman times.
7,culture|language,"The Hungarian language is known for being one of the most difficult languages to learn, unrelated to any of its neighbors."
8,nature|unique places,This country holds more than 100 thermal springs and has the largest thermal water cave system in the world.
9,culture|nature,"It has a unique breed of dog known as the Hungarian Vizsla, highly regarded for its pointing and retrieving abilities."
10,culture|history,The tradition of wearing the 'busójárás' masks to scare away winter dates back hundreds of years in this country.
11,culture|history,"It is the birthplace of numerous renowned scientists and inventors, including Edward Teller, known as the father of the hydrogen bomb."
12,culture|unique places,The Hungarian Parliament Building in this country is one of the largest parliamentary buildings in the world.
13,culture|history,"Unicum, a herbal liqueur, has been produced by the same family for over two centuries in this country."
14,culture|food,"This country's national dish, goulash, is a hearty stew known and loved around the world."
15,culture|art,"It has a tradition of folk art that includes intricately decorated pottery, embroidery, and wooden carvings."
16,culture|unique places,The Dohány Street Synagogue in this country is the largest synagogue in Europe.
17,culture|sports,This country is known for its passionate love of chess and has produced several world chess champions.
18,culture|history,It was the first European country to introduce the numismatic collection of euro coins for collectors in 2004.
19,culture|art,"The tradition of the 'székely gates', intricately carved wooden gates, is a unique aspect of rural life in this country."
20,nature|culture,"The Puszta, part of the Great Hungarian Plain, offers a glimpse into traditional pastoral life and is home to the Hungarian Grey cattle."
