1,geography|nature,"This country is the world's largest archipelago, consisting of over 17,000 islands."
2,wildlife|nature,"It is home to the Komodo dragon, the largest lizard on Earth."
3,geography|nature,"This country has more volcanoes than any other, with over 130 active ones."
4,culture|history|architecture,"Borobudur, the world's largest Buddhist temple, is located here."
5,wildlife|nature,It is the only place in the world where you can see orangutans in the wild.
6,culture|cuisine,"This country's coffee, specifically Kopi Luwak, is one of the most expensive in the world."
7,nature|wildlife,"The Rafflesia arnoldii, found here, produces the largest flower in the world."
8,culture|arts,It has a cultural tradition of shadow puppetry called Wayang Kulit.
9,history|cuisine|economy,"This country is the principal supplier of nutmeg, which is native to its Banda Islands."
10,culture|geography|tourism,The island of Bali is renowned globally as a premier tourist destination.
11,wildlife|nature,"This nation is home to the critically endangered Javan rhinoceros, one of the rarest large mammals."
12,culture|sports,"Pencak Silat, a martial art, originated here."
13,nature|geography,"It is part of the Coral Triangle, known for its extraordinary marine biodiversity."
14,nature|geography|wildlife,"The country observes one of the most dramatic examples of biodiversity, with the Wallace Line theory proposing a faunal divide."
15,culture|arts,"It has a tradition of Batik cloth making, recognized by UNESCO as a Masterpiece of Oral and Intangible Heritage of Humanity."
16,history|economy,"The islands of this country were once known as the Spice Islands, playing a crucial role in early global trade routes."
17,geography|culture|tourism,"Mount Bromo, an active volcano, is a significant spiritual and tourist site."
18,history|culture|architecture,This country's Dieng Plateau hosts ancient Hindu temples dating back to the 8th century.
19,culture|society,"The national motto, 'Bhinneka Tunggal Ika', translates to 'Unity in Diversity'."
20,geography|nature,"Lake Toba, the largest volcanic lake in the world, is found here."
