1,nature|nickname,This country is known as the 'Emerald Isle' because of its lush green landscapes.
2,culture|history,"It's believed that Halloween originated from the ancient Celtic festival, Samhain, in this country."
3,history|culture,The concept of boycotting originated in this country.
4,culture|music,"This country is famous for its traditional music, which is known worldwide."
5,nature|tourism,"The cliffs of Moher, one of the most popular tourist attractions, are located in this country."
6,history|nature,"This country is home to one of the world's oldest lighthouses, Hook Lighthouse."
7,culture|sport,"A sport native to this country, hurling, is considered to be the world's fastest field team sport in terms of gameplay."
8,history|architecture,"Newgrange, a prehistoric monument in this country, is older than Stonehenge and the Egyptian pyramids."
9,culture|food_and_drink,This country is famous for its stout beer and whiskey.
10,culture|nature,"There are no snakes in this country, according to local legends."
11,history|sport,"In this country, the locals had their unique version of the Olympics called the Tailteann Games as far back as 1600 BC."
12,culture|religion,"Every year on 17th March, this country celebrates St. Patrick's Day, a cultural and religious event."
13,nature|fun_fact,It's believed that this country has more sheep than people.
14,culture|symbols,The shamrock is a well-known symbol associated with this country.
15,history|innovation,"Various inventions including the submarine, color photography, and the ejector seat came from this country."
16,culture|literature,This country has a long literary tradition and has produced four Nobel Laureates in Literature.
17,history|architecture,"There are over 30,000 castles and ruins scattered across this country."
18,culture|language,"This country uses a unique script, native to the island, known as Ogham."
19,culture|food_and_drink,"Traditional food of this country includes Irish stew and Boxty, a type of potato pancake."
20,language|culture,"Gaelic, also known as Irish, is the first official language of this country, despite English being more commonly spoken."
