1,culture|history,"This country is the birthplace of three major world religions: Judaism, Christianity, and Islam."
2,nature|travel,"In this country, you can float effortlessly in the Dead Sea due to its extremely high salt content."
3,nature|travel,"The national trail of this country stretches over 1,000 kilometers, offering hikers breathtaking views and diverse landscapes."
4,culture|travel,"This country's city of Haifa is home to the Baha'i World Centre, featuring the terraced Baha'i Gardens, a UNESCO World Heritage Site."
5,culture|history,"In this country, there's a museum dedicated solely to the history of the Jewish people, known as Yad Vashem."
6,innovation|nature,"It is known for its pioneering work in water desalination and drip irrigation, leading the way in sustainable water usage."
7,culture|travel,This country has more museums per capita than any other country in the world.
8,culture|architecture,"The city of Tel Aviv in this country is known as 'The White City' for its unique collection of over 4,000 Bauhaus or International style buildings."
9,nature|environment,It is the only country in the world that has more trees today than it had 50 years ago.
10,nature|travel,"This country's Negev Desert covers over half of its land area, offering unique landscapes and archaeological sites."
11,culture|history,"The Hebrew calendar of this country is one of the oldest in the world, still in use for religious and cultural events."
12,innovation|environment,"This country is a leading nation in solar energy use, making significant strides in renewable energy technology."
13,innovation|technology,"Mobileye, a global leader in the development of vision technology for Advanced Driver Assistance Systems (ADAS) and autonomous driving, was founded in this country."
14,culture|history,This country's Mount Herzl is the national cemetery and the site of annual national commemorations.
15,nature|geography,"The Sea of Galilee, located in this country, is the lowest freshwater lake on Earth."
16,culture|history,"This country is the home of the oldest continuously used cemetery in the world, the Mount of Olives."
17,history|architecture,"It has a city that is completely underground, built by the Jewish rebels during the Bar Kokhba revolt against the Roman Empire."
18,culture|food,"Hummus, falafel, and shakshuka are popular traditional dishes that originate from this country."
19,nature|events,This country annually hosts an international birdwatching competition due to its location on a major migratory route.
20,innovation|education,"The Weizmann Institute of Science, located in this country, is one of the world’s leading multidisciplinary basic research institutions in the natural and exact sciences."
