1,culture|language,This country has more than 2000 distinct ethnic groups and over 200 different languages spoken.
2,culture|history,The game of chess was invented in this country.
3,culture|religion,"The largest religious gathering in the world, the Kumbh Mela, is held in this country."
4,history|navigation,"People from this nation were among the earliest to master the art of navigation, nearly 6000 years ago."
5,history|mathematics,The number zero was conceptualized and defined by a mathematician from this country.
6,culture|entertainment,This country is home to the lucrative Bollywood film industry.
7,sports|nature,It has the highest cricket ground in the world.
8,culture|food,It is the world's largest producer and consumer of spices.
9,culture|wellness,This country is recognized as the birthplace of yoga.
10,culture|food,It is home to the largest population of vegetarians in the world.
11,culture|farming,This country is the largest producer of tea in the world.
12,geography|nature,It has the second longest coastline in the world.
13,agriculture|food,This country is the world's largest producer of milk.
14,geography|nature,"The highest mountain range, Himalayas, lies in this country."
15,technology|economy,This country is the world's third biggest tech startup hub.
16,communication|logistics,This country has the largest postal network in the world.
17,culture|traditions,"In this country, it is customary to welcome guests with a garland of flowers."
18,nature|forestry,"The Sundarbans, the largest mangrove forest in the world, is here."
19,religion|architecture,This country has more mosques than any other in the world.
20,engineering|transport,The longest rail bridge in India spans the waters of the Chambal river.
