1,history|culture,This country is often known as the 'cradle of civilization'.
2,history|culture,"Cuneiform, one of the world's earliest writing systems, was first developed in this country."
3,history|landmarks,"This country is home to the historical city of Babylon, considered one of the Seven Wonders of the Ancient World."
4,history|landmarks,"The Hanging Gardens of Babylon, which are considered one of the Seven Wonders of the world are located in this country."
5,culture|history,The concept of the 60-minute hour and the 60-second minute originates from this country.
6,culture|cuisine,"This country's cuisine is highly diverse and is known for its use of lamb, eggplant and rice."
7,history|cuisine,"The world's oldest known recipes, inscribed on clay tablets, are from this country."
8,culture|history,People from this country in ancient times were some of the first ever to brew beer.
9,culture|history,"In ancient times, this country was known for its developments in mathematics, such as creating the earliest known approximation of pi."
10,culture,"The Bureau of Land and Surveys of this country has collected over 1,200 folk tales since 1936."
11,nature|people,"The Marsh Arabs of this country, residing in the wetlands between the Euphrates and Tigris Rivers, live in reed houses and traverse their territory in canoes made of bundled reeds."
12,nature|geography,"This country's landscape is made up of deserts, mountains and marshes, offering a diverse range of wildlife habitats."
13,nature|geography,"This country is home to the longest river in Western Asia, Euphrates River."
14,history|landmarks,This country's historical sites has been listed as endangered by the UNESCO due to various threats.
15,history|landmarks,"Ziggurats, ancient structures similar to pyramids, can be found in this country."
16,culture|economy,Date fruits are one of this country's largest exports.
17,history|culture,"The world's first law code, the Code of Hammurabi, was created in this country."
18,history|culture,"Sumer, considered by historians as the world’s first civilization, was located in this country."
19,culture,"Poetry holds a significant place in this country's culture, with many poets achieving recognition both nationally and internationally."
20,culture|symbols,"This country's flag has three equal horizontal bands of red, white, and black, with three green five-pointed stars in a horizontal line centred in the white band."
