1,history|culture,"This country is home to one of the world's oldest continuous major civilizations, with historical and urban settlements dating back to 4000 BC."
2,culture|history,The concept of the garden and the word 'paradise' have their origins in this country's ancient culture.
3,culture|history,This country has one of the largest numbers of UNESCO World Heritage Sites in the world.
4,history|culture,"The ancient city of Persepolis, founded by Darius I in 518 BCE, is located here and is considered one of the world's greatest archaeological sites."
5,nature|geography,This country is one of the few in the world that has both a Caspian Sea and Persian Gulf coastline.
6,culture|food,"This country's cuisine is famous for its variety and flavor, including dishes like kebab, ash reshteh, and ghormeh sabzi."
7,culture|history,"Nowruz, the Persian New Year, celebrated on the vernal equinox, is one of this country's most cherished festivities."
8,culture|art,"This country is known for its intricate hand-woven Persian carpets, which are considered some of the most beautiful and durable in the world."
9,history|culture,"The world's oldest known wine-making facility, dating back to 6000 BC, was discovered in this country."
10,culture|religion,"This country is home to one of the world's oldest religions, Zoroastrianism, which still has followers today."
11,culture|sports,"The tradition of polo, known locally as 'chogan', is believed to have originated in this country over 2500 years ago."
12,culture|history,This country's national jewel collection is one of the largest in the world and includes the famous Pink Diamond.
13,history|technology,"The ancient Qanat system of underground aqueducts, developed in this country over 3000 years ago, is a remarkable feat of engineering."
14,nature|geography,"Mount Damavand, the highest peak in the Middle East and the second highest volcano in Asia, is located in this country."
15,culture|architecture,"The city of Yazd, known for its unique desert architecture and windcatchers, is a UNESCO World Heritage site in this country."
16,culture|entertainment,"This country's cinema has won numerous international awards, gaining recognition for its storytelling and direction."
17,nature|animals,"The Persian leopard, one of the world's most endangered species, roams the northern mountains of this country."
18,economy|food,"Saffron and caviar, considered among the most luxurious foods in the world, are major exports of this country."
19,nature|geography,"The Lut Desert, recognized as one of the hottest places on earth, is located in this country."
20,culture|art,"The tradition of Persian miniature painting, a detailed and intricate art form, has been practiced in this country for centuries."
