1,geography|population,It is the most sparsely populated country in Europe.
2,nature|geography,"This country is home to the largest glacier in Europe, Vatnajökull."
3,nature|geography,Approximately 10% of the territory of this country is covered with glaciers.
4,geography|nature,"There are more than 100 volcanoes in this country, several of them actively erupting every year."
5,culture|language|history,Its language unchanged since the medieval Norse era.
6,culture|sports,This country hosts an annual wife-carrying championship.
7,culture|beliefs,"Around half of its inhabitants believe in elves, or 'hidden people.'"
8,nature|phenomena,"In this northern country, you can experience 24-hour daylight from mid-May to mid-August, known as the Midnight Sun."
9,nature|phenomena,The Northern Lights can be viewed here from September to April.
10,government|laws,"This country does not have an army, navy or air force."
11,nature|geography,"There are no forests in this country in a conventional sense, and the largest tree stands just several meters tall."
12,energy|infrastructure,Nearly every house in this country is heated by geothermal energy.
13,history|animals,"The original Viking settlers brought the first horses in this country, whose breed hasn't been mixed since then."
14,nature|tourism,"This country is famous for its Blue Lagoon, a geothermally-heated outdoor spa."
15,culture|literature,"Icelandic people are avid readers, and this country publishes more books per capita than anywhere else in the world."
16,history|government,"Home to the world's oldest functioning legislative assembly, the Althing, established in AD 930."
17,history,"This country was the last land in Europe to be settled, around the 9th century."
18,history|cities,The first permanent settlement was established in what is now the capital by Norse chieftain Ingólfur Arnarson.
19,climate|geography,"Despite its location just below the Arctic Circle, the warm North Atlantic Current makes the climate milder than expected."
20,cities|population,Around two-thirds of this country's population live in and around the capital.
