1,culture|history|nature,This country is home to the largest number of UNESCO World Heritage Sites in the world.
2,culture|language,It is known for its diverse set of regional dialects.
3,history|culture,This nation's flag has had its current form since 1946.
4,culture|history,Opera was born in this country during the late 16th century.
5,culture|food,"Famous for its cuisine, it has introduced the world to dishes like pasta and pizza."
6,nature|geography,The Mediterranean Sea surrounding this nation has a huge influence on its climate.
7,culture|history,"It's the home of the world's smallest state, Vatican City."
8,nature|geography,The country's Mount Etna in Sicily is Europe's largest active volcano.
9,culture|history|architecture,"This nation houses the Colosseum, which is considered one of the greatest works of architecture."
10,culture|sports,"The people of this country are known for their love of sports, particularly football."
11,history|nature,"The Vesuvius volcano famously erupted in 79 AD, preserving the ancient city of Pompeii."
12,history|education,"The oldest university in Europe is located in this country, specifically in the city of Bologna."
13,culture|history,The country has a long and rich tradition in the fields of arts and literature.
14,culture|geography,This country's Venice city is known for its unique waterway system used as streets.
15,culture|tourism,It is the fifth most visited country as per the World Tourism Organization rankings.
16,nature|food|economy,The nation's vineyards are some of the largest producers of wine in the world.
17,culture|food,The coffee culture in this country is renowned with specific customs and traditions.
18,culture|fashion,"This country is known for its high fashion, being the birthplace of brands such as Gucci and Prada."
19,history,"The country survived the devastating plague in the 14th century, which significantly changed its social and economic fabric."
20,culture|history|art,The world-famous artist Leonardo da Vinci was born here in the 15th century.
