1,people|sports,"This country has the fastest sprinters in the world, including Usain Bolt and Shelly-Ann Fraser-Pryce."
2,geography|economy,"The land of this country is famously known for the production of Blue Mountain Coffee, a globally recognized, premium coffee."
3,people|culture|music,"It is the birthplace of reggae music, and Bob Marley, a name synonymous with reggae, hails from here."
4,nature|biodiversity,Around 20% of the species of plants found in this country are not found anywhere else in the world.
5,nature|tourism,This country is a popular destination for underwater adventures with more than 20 protected areas for snorkelers and divers.
6,nature|animals,"It has the second largest butterfly in the world, the Giant Swallowtail."
7,history|people,"The indigenous people of this country are the Taino, a subgroup of the Arawak Indians."
8,culture|laws,Swearing is illegal in public spaces within this country.
9,people|culture,It has one of the largest Chinese communities in the Caribbean.
10,sports|history,It was the first tropical country to enter the IOC Winter Olympics. The bobsleigh team's effort inspired the film 'Cool Runnings'.
11,tourism|nature,"Thousands of tourists flock to this country's seven-mile beach, a long stretch of white sandy beaches and clear water."
12,nature|animals,There are four species of hummingbirds found only in this country.
13,nature|tourism,"This country is home to the Negril Cliffs, which is a popular spot for cliff diving."
14,culture|facts,The flag of this country is one of two flags in the world that does not share any colors with the U.S. flag.
15,culture|tourism,"The Rose Hall Great House, a historic plantation home that claims to be haunted, is a popular tourist attraction within this country."
16,nature|geography,"This country's highest mountain, Blue Mountain Peak, stands at 7,402 feet."
17,culture|food,"Devon House Ice Cream is a beloved treat in this country, with traditional flavors like rum-raisin and mango."
18,geography|nature,This country is the third largest island in the Caribbean.
19,culture|religion,There are more churches per square mile in this country than any other country in the world.
20,culture|food,"This country's cuisine is well-loved worldwide, especially jerk seasoning, ackee and saltfish."
