1,geography|nature,This country is one of the few in the world that does not have a natural body of water on its borders.
2,nature|geography,This country's Dead Sea is the world's second saltiest body of water.
3,culture|food,"Its national dish, mansaf, is made from lamb cooked in a rich yogurt sauce and served on a bed of rice."
4,geography|nature,"The lowest point on the Earth's surface, the Dead Sea, lies within this country."
5,history|culture|tourism,"It is home to Petra, an archaeological site famous for its advanced water system and spectacular carved stone architecture."
6,society|health,This country has one of the highest rates of smokers per capita in the world.
7,history,It played a significant role in the development of the Arab Revolt during World War I.
8,nature|culture,This country's national flower is the black iris.
9,history|culture|tourism,It is estimated that there are more historical sites within its borders than any country of similar size.
10,history,"There are about 6 million land mines in the country, many left over from previous conflicts."
11,history|culture|tourism,The open-air museum of Amman Citadel reveals evidence of this country's ancient civilizations.
12,society|education,"This country is considered to have one of the best education systems in the Middle East, with a literacy rate of 98%."
13,tourism|nature|health,"One of the major reasons tourists visit this country is to rejuvenate at the Dead Sea, known for its therapeutic properties."
14,economy|nature,"It is a major producer of phosphates, which are used in fertilizers worldwide."
15,history|health|culture,"The country is home to the world’s first health center, which was established during the Byzantine period in the city of Jerash."
16,history|culture,"Some of the oldest human statues ever found, dating back to 7500 BCE, were discovered in this country."
17,tourism|nature|culture,"The UNESCO-protected Wadi Rum is famous for its surreal, Mars-like landscape, and was used as a filming location for 'The Martian'."
18,nature|tourism,"Despite being landlocked, this country is home to many impressive dive sites in the Red Sea."
19,culture|festivals,"This country hosts the annual Jerash Festival, a showcase of Arabic and Jordanian music, crafts, and culinary delights."
20,culture|society,The traditional Bedouin hospitality is a cherished part of this country's cultural heritage.
