1,geography|symbol,This country is often known as the 'Land of the Rising Sun'.
2,culture|nature,"Cherry blossom viewing, called Hanami, is a beloved springtime tradition here."
3,demographics|health,This country boasts the longest life expectancy in the world.
4,nature|geography,"It is home to Mount Fuji, the tallest mountain and an active stratovolcano."
5,culture|sports,Sumo wrestling is a professional sport that originated from this country.
6,history|tourism,Seventeen sites in this nation are listed as UNESCO World Heritage sites.
7,culture|arts,"This country's traditional theatrical performances include Noh, Kabuki, and Bunraku."
8,cuture|events,Hundreds of festivals or 'Matsuri' are held throughout the year in this country.
9,food|culture,"Kit Kats are very popular in this country, where they come in flavors like wasabi and green tea."
10,food|economy,"The world's largest fish market, Tsukiji, is located here."
11,economy|innovation,"It is the birthplace of Nintendo, Sony, and Toyota."
12,culture|animals,"In this country, there's a cat island called Aoshima with more feline residents than humans."
13,culture|media,More paper is used for comics in this country than for toilet paper.
14,health|culture,Residents of this country were among the first to popularize the practice of forest bathing or 'shinrin-yoku'.
15,art|culture,"The art of flower arranging, popularly known as 'Ikebana', originated from here."
16,nature|geography,"It is home to Aokigahara, also known as the Sea of Trees, a forest at the base of Mount Fuji."
17,culture|history,This country has a phone booth known as the 'wind phone' where people can 'call' their departed loved ones.
18,transportation|technology,"This country is famous for its high-speed bullet trains, known as Shinkansen."
19,culture|tradition,"The traditional and symbolic tea ceremony, called 'Chanoyu', originated here."
20,culture|superstition,"In this country, black cats are generally seen as good luck, contrary to Western superstition."
