1,nature|geography,"This country is known for having the second highest peak in Africa, Mount Kenya."
2,nature|geography,"The Great Rift Valley, a significant geological feature, runs through this country."
3,culture|sports,"This country is famous for its marathon runners, who have won numerous international races."
4,nature|wildlife,"It is home to the Maasai Mara, renowned for the annual wildebeest migration."
5,culture|tourism,"The concept of 'safari' originated in this country, offering visitors a chance to observe wildlife in their natural habitats."
6,culture|economy,"Coffee and tea from this country are some of the best in the world, playing a major role in its economy."
7,culture|history,"Lamu Old Town is one of the oldest and best-preserved Swahili settlements in East Africa, located in this country."
8,nature|wildlife,This country's Lake Nakuru is famous for its large populations of flamingos.
9,nature|wildlife,"It has a significant elephant population, especially in the Amboseli National Park, known for its views of Mount Kilimanjaro."
10,nature|tourism,"Mombasa, on the coast of this country, is known for its beautiful beaches and coral reefs."
11,culture|society,"The Kikuyu, Luo, Maasai, and Kalenjin are some of the major ethnic groups in this country."
12,culture|literature,"It was the setting for the famous book and movie 'Out of Africa', which showcases the beauty and culture of this country."
13,nature|tourism,The Tsavo East and Tsavo West National Parks are among the largest in the world and are located in this country.
14,nature|conservation,This country has over 40 national parks and reserves dedicated to the protection of wildlife.
15,nature|wildlife,"The Samburu National Reserve is known for rare species like the reticulated giraffe and Grevy's zebra, found in this country."
16,culture|music,"It has a vibrant music scene, with Benga being a popular genre originating from this country."
17,history|science,"The Turkana Boy, one of the most complete early human skeletal remains, was discovered in this country."
18,history|culture,"Fort Jesus, located in Mombasa, is a UNESCO World Heritage site and a testament to the Portuguese influence in this country."
19,conservation|wildlife,"The Sheldrick Wildlife Trust, located in the capital city, is renowned for its elephant orphanage and conservation efforts."
20,culture|society,"Kiswahili (Swahili) and English are the official languages, reflecting the cultural diversity of this country."
