1,nature|geography,"This country is home to Ice Mountain Khan Tengri, the second highest peak in the Tian Shan Range, standing at 7,010 meters"
2,culture|games,"The national game, 'Kok Boru', involves two teams on horseback attempting to place a goat's carcass into the opponent's goal"
3,culture|history|lifestyle,It is one of the few countries in the world where the nomadic culture is still widely preserved. Many people in this country still live in yurts and move with their livestock throughout the year
4,culture|arts|history,The Kyrgyz people are known for their skill and talent in creating traditional woolen rugs with unique patterns and vibrant colors
5,economy|geography,"This country is among the world's largest exporters of mercury, gold and uranium"
6,nature|geography,"The world's largest natural-growth walnut forest, Arslanbob, is located in this country"
7,nature|geography,"Lake Issyk-Kul, located in this country, is the second largest saltwater lake in the world and does not freeze in winter"
8,culture|music,"This country's traditional music is characterized by the dominance of string instruments, with the komuz being especially popular"
9,culture|lifestyle,"In this country, it's custom to instantly make friends, so don't be surprised if people are extremely welcoming"
10,culture|history|literature,"The Manas Epic, a traditional epic poem of this country, is one of the longest epics in the world and a UNESCO World Heritage cultural site"
11,geography|nature,"Almost 40% of this country lies above an altitude of 3,000 meters"
12,sports|nature|tourism,"Heli-skiing, an adventurous winter sport, is a popular activity in this country due to its mountainous terrain"
13,culture|food,Traditional Kyrgyz cuisine is heavily meat and dairy-based due to the country's nomadic lifestyle
14,culture|religion,"The predominant religion in this country is Islam, with 88% of the population practicing the Muslim faith"
15,culture|literature|music,"This country has a rich tradition of storytelling, with bards called akyns who recite poems and stories, often accompanied by music"
16,culture|history|lifestyle,"Horses play a crucial part in the lifestyle of this country, including as a form of transportation, in games and even in the diet"
17,nature|animals,"Around 500 snow leopards, which are a critically endangered species, are estimated to live in the wild in this country"
18,culture|history|animals,"In this country, eagles are trained for hunting, a practice that dates back hundreds of years."
19,tourism|geography,"In this country's Naryn Province, you can walk across the longest suspension bridge in Central Asia"
20,geography|nature,"This country is landlocked and surrounded by mountains, with more than 88 ranges found within its borders"
