1,religion|world records,This country holds a Guinness World Record for the largest religious monument in the world.
2,culture|religion,It is believed to be the ancestral home of the purest form of Theravada Buddhism.
3,history|landmarks,"There are 4,000 discovered monumental structures within its borders."
4,geography,This country has a coastline that stretches over 450 kilometers.
5,culture|arts,"In this country, traditional dancing is made up of ballet-like movements and is an important part of their culture."
6,demographics,95% of its population are ethnic Khmers.
7,history,It was once the seat of one of the most powerful empires in Southeast Asia.
8,nature|symbols,"It has no fewer than two national animals - the Kouprey, a wild forest ox and the Giant Ibis, a bird."
9,food|culture,The country is known for using spider as a popular snack.
10,agriculture|economy,"It is the leading producer of pepper, producing a third of the world's total output."
11,culture|animals,Some venues in this country host organized elephant races.
12,culture|architecture,One of this country's most unique features is its 'floating villages' where houses stand on stilts or float on water.
13,religion|architecture|landmarks,"Despite the majority of people being Buddhists, this country is home to the biggest Hindu temple in the world, named Angkor Wat."
14,language|food,"In this country, rice is so important that in its language there are 12 different words for it."
15,nature|animals,"It's home to the endangered Irrawaddy dolphins, which can often be spotted in the Mekong River."
16,culture|arts,The country has a rich tradition of shadow puppetry.
17,culture|lifestyle,"The majority of its inhabitants still live in rural, traditional settings, largely untouched by modern developments."
18,culture|festivals,It hosts a major Water Festival every year in November.
19,demographics,More than half of this country's population is under 25 years old.
20,culture|festivals,"In this country, the New Year is celebrated in April with a three-day festival known as 'Songkran' or 'Choul Chnam Thmey'."
