1,nature|geography,"This country is made up of 33 atolls and reef islands and one raised coral island, spread out over 3.5 million square kilometers of ocean."
2,nature|geography,The vast majority of the world's coral atolls are found in this country.
3,geography,It is one of the only countries in the world to fall into all four hemispheres.
4,culture,"This nation's culture is renowned for its unique form of dance and music, which is an integral part of their identity."
5,nature|environment,"A significant part of this country's land area is less than two meters above sea level, making it extremely vulnerable to rising sea levels."
6,history|culture,The first settlers are believed to have arrived here around 3000 years ago from Southeast Asia.
7,geography|culture,"This country is the first in the world to welcome the new day, due to its position just west of the International Date Line."
8,nature|environment,"It has one of the largest protected marine areas in the world, known as the Phoenix Islands Protected Area."
9,culture|history,"Traditional navigation techniques, without the use of modern instruments, are a celebrated part of the maritime heritage here."
10,culture|society,"The maneaba, a traditional meetinghouse, plays a central role in community and social life in this country."
11,geography|nature,"Christmas Island, the largest atoll in the world by land area, is part of this nation."
12,culture|sports,"A traditional sport here is te ano, a ball game where two teams throw a heavy ball to each other, trying to avoid dropping it."
13,culture|arts,The practice of creating intricate patterns using pandanus leaves or coconut palm fronds is a cherished craft.
14,nature|economy,"This country's exclusive economic zone covers more than 3.5 million square kilometers of ocean, rich in marine biodiversity."
15,nature|environment,It was the first country to declare its water and exclusive economic zone a shark sanctuary.
16,culture|food,"The local cuisine is heavily based on seafood, coconut, and root vegetables, reflecting its oceanic surroundings."
17,history|nature,Tabuaeran and Kiritimati (Christmas Island) were crucial air and naval bases during the Pacific campaign of World War II but are now peaceful atolls known for their natural beauty.
18,economy|culture,Lagoon fishing and seaweed farming are important traditional industries that still thrive today.
19,culture|society,"Its flag is unique, depicting the Pacific Ocean with a sun and a frigate bird, symbolizing freedom and the connection to the sea."
20,environment|society,"This country is pioneering in the battle against climate change, despite its limited resources, by implementing innovative adaptation strategies."
