1,culture|economy,"This country is known as the 'Perfume Isles' due to its significant production of ylang-ylang, vanilla, and cloves."
2,geography|nature,"It consists of three main islands and numerous smaller islands, all volcanic in origin."
3,demographics,This country has one of the smallest populations in Africa but is one of the most densely populated.
4,wildlife|nature,"The world's largest living species of bat, the Livingstone's fruit bat, is endemic to this country."
5,culture|food,"This country's cuisine reflects a blend of Swahili, Arab, French, and Portuguese influences."
6,geography|culture,It is the only country in the Arab League located entirely in the Southern Hemisphere.
7,culture|music,"The tradition of music known as 'Taarab', which combines African rhythms with Arabic scales, is popular here."
8,nature|environment,This country's waters are home to one of the most significant coral reef systems in the Indian Ocean.
9,geography|nature,"Mount Karthala, an active volcano in this country, is one of the largest active volcanoes in the world."
10,wildlife|history,"The Coelacanth, a fish thought to have been extinct for millions of years, was discovered in the waters of this country."
11,economy|nature,This nation is one of the top producers of vanilla in the world.
12,culture|dance,"Mwedja, a traditional dance, plays a significant role in the cultural festivals of this country."
13,wildlife|nature,This country is one of the few places in the world where you can find green turtles nesting.
14,history|trade,"It was once a major hub on the ancient maritime Silk Road, connecting Africa, the Middle East, and Asia."
15,economy|culture,The ylang-ylang flowers from this country are highly valued for their use in high-end perfumes.
16,history,"This country's independence was achieved in the 20th century, making it one of the last African countries to gain independence."
17,food|culture,"The traditional dish 'Langouste a la Vanille' combines lobster with vanilla, showcasing the unique culinary fusion of this country."
18,culture|traditions,"Weddings in this country can last for several days, embodying a rich tapestry of rituals and celebrations."
19,culture|history,"This country uses a system of traditional navigation techniques, relying on stars, winds, and ocean currents for sea voyaging."
20,culture|language,"Despite its small size, this country has four official languages, reflecting its diverse cultural heritage."
