1,geography|records,"This country is the smallest sovereign state in the Western Hemisphere, in both area and population."
2,history|colonial,It is home to the first British and French colonies in the Caribbean.
3,culture|food,"The national dish is a spicy stew made of goat, called stewed goat."
4,history|tourism,"This country's railway, originally built to transport sugar cane, is now a scenic tourist attraction."
5,culture|festivals,"It hosts an annual carnival that features colorful parades, music, and dance, celebrated in December and January."
6,history|culture,The island is known for its numerous sugar plantation ruins and their historical significance.
7,history|law,It has one of the longest written constitutions of any sovereign state in the Western Hemisphere.
8,economy|tourism,This country was among the first in the Caribbean to switch from sugar to tourism as its main economic sector.
9,culture|symbols,Its flag features two stars that symbolize hope and liberty.
10,nature|animals,"The national bird is the brown pelican, found throughout the country."
11,geography|culture,It is the only country in the world named after two saints.
12,geography|nature,"The island's volcano, Mount Liamuiga, is one of the highest peaks in the Eastern Caribbean."
13,nature|animals,One of its islands is known for the large number of green vervet monkeys relative to the human population.
14,history|colonial,It was the first country in the Americas to be colonized by Europeans with the establishment of a French settlement in 1625.
15,tourism|history,"The Brimstone Hill Fortress, a UNESCO World Heritage Site, offers panoramic views and historical insights."
16,culture|education,Its citizens are known to have one of the highest literacy rates in the Western Hemisphere.
17,economy|law,"This country offers a Citizenship by Investment program, attracting people from all over the world."
18,law|nature,It has a unique law where all beaches are public up to the high-water mark.
19,culture|festivals,"The annual Music Festival is one of the largest events, attracting international artists and guests."
20,tourism|nature,Frigate Bay is popular for its vibrant nightlife and beautiful beaches.
