1,language|geography,"This country is split into nine provinces, with unique dialects spoken in each"
2,architecture|tourism,"There is a hotel in this country that is over 1,000 feet tall but is unopened and unfinished for decades"
3,culture|history,"Its calendar begins with the birth of its founder, Kim Il-Sung, marking year 1 in 1912"
4,culture|sports,"This country is home to the world’s largest stadium, Rungrado 1st of May Stadium, which can hold up to 150,000 people"
5,culture|music,This country's national instrument is the 'Yanggeum' which is a hammered dulcimer
6,transportation|geography,"Despite its closed-off reputation, this country has 22 operating airfields"
7,geography|culture,There are 12 distinct time zones within this country
8,history|tourism,"This country is home to the ancient Koguryo tombs, which are a UNESCO World Heritage site"
9,culture|film,The film industry in this country is heavily state-controlled
10,animals|records,Reptileland in this country is the world's biggest facility for breeding reptiles
11,music|culture,"The Moranbong Band, an all-female music group formed by the country's leader, is extremely popular in this country"
12,culture|arts,A large portion of this country's population is engaged in performing arts
13,nature|culture,This country's national flower is the magnolia
14,culture|food,"Typical diet in this country includes kimchi, soup, and a bowl of rice"
15,transportation|architecture,A one-of-a-kind metro system in this country showcases its distinct socialist aesthetics
16,religion|culture,"The tradition of 'taesungdol', unique to this country, involves erecting stone towers to pray for good fortune"
17,sociology|lifestyle,People in this country are reported to have a life expectancy of about 71 years
18,transportation|culture,"This country has the unique practice of having traffic ladies, locally known as 'ponytail ladies', who manually control and direct traffic"
19,culture|mythology,"The national animal of this country is the Chollima, a mythical winged horse that cannot be tamed by mortals"
20,history|geography,The 'Daedongyeojido' is a large scale map of this country that was created in the 19th century
