1,geography|culture,This country is known as the 'Land of Morning Calm'
2,culture|society,It is the world's largest market for plastic surgery.
3,culture|food,"Soju, a Korean distilled spirit, is the most popular alcohol in the country."
4,traditions|culture,"In this country, there is a custom called 'Dol', which celebrates the first birthday of a baby."
5,economy|technology,It is one of the world's leading producers of electronics like smartphones and televisions.
6,geography|nature,"The highest mountain in this country is Hallasan, a shield volcano on Jeju Island."
7,culture|traditions,Hanbok is a traditional dress worn by both men and women on formal occasions.
8,culture|society,"In this country, the age calculation is different; one is considered a year old at birth."
9,culture|music|entertainment,"K-dramas and K-pop, part of the 'Korean Wave', have gained global popularity."
10,religion|culture,Buddhism and Confucianism have had significant influence on its spirituality and philosophy.
11,architecture|culture,Jeonju is famous for its historically preserved traditional Korean houses called Hanoks.
12,history|culture,This country invented a unique script known as Hangul.
13,food|culture,"Kimchi, made from fermented vegetables, is a staple food in this country."
14,entertainment|culture,"Tekken, a famous video game, originated in this country."
15,technology|society,It has the world's fastest internet speed.
16,history|religion,"Haeinsa Temple, a UNESCO heritage site, is home to the Tripitaka Koreana, the most complete collection of Buddhist texts."
17,nature|travel,Jeju Island is often referred to as 'Hawaii of this country'.
18,culture|traditions,"Seollal, or Lunar New Year, is one of the most celebrated national holidays."
19,culture|entertainment,Busan International Film Festival is one of the most significant film festivals in Asia.
20,culture|sports,"Taekwondo, a martial art, originated in this country."
