1,history|culture|nature,This country is known as the 'pearl diving capital' of the world
2,culture|music,The traditional music of this country is characterized by complex and formalized vocal improvisations
3,culture|history,"In this nation, poetry has long been a valued artform used to express personal feelings, political thoughts, and social concerns"
4,nature|tourism,This country has one of the world's largest sand islands
5,culture|architecture,The largest cultural centre in the Middle East known as 'Sheikh Jaber Al Ahmad Cultural Centre' is located in this country
6,history|architecture,"The traditional architecture of this country involves constructing buildings from coral stones, palm-tree trunks, and palm-tree leaves"
7,culture|food,"People of this country typically eat breakfast between 6 and 8 in the morning, lunch at midday, and dinner in the late evening"
8,history|culture|fashion,This country's rich pearl diving history has made its traditional attire quite elaborate and ornate
9,culture|sports,"Falconry, the traditional sport of Arab royalty, is widely admired and practiced in this country"
10,culture,"In this country, extended family members warmly greet each other by kissing on both cheeks"
11,culture|dance,The traditional dance of this country known as 'ardah' involves sword-wielding men dancing to the rhythm of drums and poetry
12,architecture|tourism,"Located in this country, the 'Mirror House' is the only house in the world fully covered with mirrors, inside and out"
13,tourism|nature,"Taking a Dhow, a traditional wooden sailing boat, cruise is one of the popular ways to explore marine life of this country"
14,nature|tourism|birds,Bird watching is a popular activity in this country because it serves as a corridor for migratory birds
15,history|animals|medicine,The world's first health center dedicated to falcons was established in this country
16,culture|food,"In this country, it is custom to serve coffee dark (Gahwa) then light (Chai) to signal the end of a meal or a meeting"
17,nature|animals,"The national animal of this country is the Arabian camel, also known as a dromedary, which has a single hump"
18,history|nature|culture,This country has recognized pearl diving and peregrine falcon hunting as part of its intangible cultural heritage
19,food|culture,"Sadies, a popular drink in this country, is made from fermented bread"
20,culture|art,"This country nurtures a tradition of weaving magic carpets, each taking several months to complete"
