1,geography,This country is the world's largest landlocked country.
2,science|history,"It is home to the Baikonur Cosmodrome, the world's first and largest operational space launch facility."
3,culture|food,"The traditional beverage of fermented horse milk, known as kumis, is popular here."
4,nature,"The vast steppe is a defining feature of its landscape, embodying the essence of its natural beauty."
5,history|culture,"This country was once the home of the ancient Scythians, known for their skill in horseback riding and archery."
6,history|culture,"The golden man, a symbol of national pride, was discovered in one of the ancient burial mounds."
7,nature|geography,"It has a unique eco-region, the Altai Mountains, which is a biodiversity hotspot."
8,culture|tradition,The tradition of eagle hunting has been passed down for generations in this country.
9,culture|history,This country's nomadic past is still celebrated with the annual Nauryz festival.
10,nature|geography,"Lake Balkhash, one of the largest lakes in the world, is partially fresh and partially saline."
11,history|culture,"The Apple is believed to have originated from the region now known as Almaty, which translates to 'father of apples'."
12,nature|tourism,"The Charyn Canyon is known as the Grand Canyon's little brother, offering breathtaking natural beauty."
13,culture|history,"Yurts, traditional portable homes, reflect the nomadic lifestyle of the past."
14,history|culture,"The Silk Road played a significant role in the country's history, facilitating trade and cultural exchange."
15,geography,"It boasts the second-lowest population density of any country in the world, emphasizing its vast landscapes."
16,history|culture,Petroglyphs in the Tamgaly Gorge offer a glimpse into the Bronze Age.
17,science|technology,It is one of the few countries in the world where space rockets are launched.
18,culture|music,"Kazakhstani dombra, a two-stringed musical instrument, plays a central role in their musical heritage."
19,tradition|nature,"Honey hunting, an ancient practice of harvesting wild honey, is still practiced in some parts of the country."
20,nature|environment,"The Aral Sea, once one of the largest lakes in the world, is an example of environmental change affecting this country."
