1,culture|nature,This country is known as the ‘Land of a Million Elephants'.
2,geography|nature,"Despite being landlocked, this country has 4,000 islands located in the Mekong River."
3,culture|food,Rice is the staple food and it's considered impolite not to finish your rice in this country.
4,food|culture,"Khao Jee, a common street food, is essentially a French baguette filled with various ingredients."
5,culture|food,"Sticky rice is a unique dietary staple, usually eaten by hand."
6,history,This country is the most heavily bombed country per capita in the world due to the Secret War.
7,nature|tourism,"Famous for its limestone karst landscapes, there are thousands of caves for adventurous explorers to venture into."
8,culture|religion,"In this country, people consider their New Year’s festival to be a time for renewal and cleansing, symbolised by throwing water."
9,history|architecture,The UNESCO World Heritage site in the city of Luang Prabang is home to about 34 Wats (Buddhist temples).
10,history|architecture,"Due to French colonization, this country has a very unique blend of French and traditional architecture."
11,nature|animals,"This country is home to the endangered Irrawaddy dolphin, which can be found in the Mekong River."
12,food|culture,"Despite having no access to the sea, the country's citizens consume more sticky rice than any other population worldwide."
13,ancient history|religion,"Wat Phu is an ancient temple complex, originally Hindu, that was converted into a Buddhist temple."
14,food|culture,"Jaew Bong, a sweet and spicy chili paste, is a favorite traditional condiment."
15,history|archeology,The Plain of Jars is a mysterious archeological landscape with countless large stone jars scattered across.
16,religion|architecture,"Pha That Luang, a gold-covered stupa, is considered the most important national monument."
17,food|culture,"This country is known for producing some of the strongest and smoothest rice whiskey, called Lao-Lao."
18,culture|sports,"A unique sport loved by the locals is Sepak Takraw, which is like volleyball but without the use of hands."
19,culture|crafts,Villagers in this country are known for weaving stunningly intricate and brightly coloured textiles.
20,food|culture,"Barking Deer’s BBQ in Vientiane, this country's capital, is a hotspot for sampling traditional Lao cuisine."
