1,history|culture,This country is often depicted as the 'Switzerland of the East' due to its financial power and diversity
2,history|culture,"It's home to the oldest continuously inhabited city in the world, Byblos"
3,history|culture,"This country was the original home of the Phoenicians, a seafaring culture that spread across the Mediterranean before the rise of Rome"
4,culture|nature,"It is known for its unique 'Lebanese Cedar' trees, which are featured on the national flag"
5,culture|food,"This country's cuisine is known for its health benefits and includes dishes like hummus, falafel, tabbouleh, and baklava"
6,culture|religion,It's a country that has 18 religious communities and its society is highly sectarian
7,nature|geography,"In this country, people can ski in the mountains and swim in the sea all in the same day due to its geographic diversity"
8,nature|geography,"It is home to the Jeita Grotto, the longest cave in the Middle East"
9,culture|food,"This country is famous for its wine, with vineyards that are over 5000 years old"
10,economy|culture,"It's a country that uses multiple currencies, with both its national currency and the US dollar widely accepted."
11,history|culture,This country is home to the world's most significant collection of Roman ruins outside of Italy in the city of Baalbek
12,culture|fashion,Famed fashion designer Elie Saab hails from this country
13,culture|language,"Its people are known to be trilingual, most often speaking Arabic, French and English"
14,history|culture,The artifacts found in the antiquities museum of this country span over 5000 years of history
15,education|demographics,"It has a high literacy rate at around 93%, one of the highest in the Arab world"
16,demographics|emigration,This country actually has more descendants living outside than within its borders
17,culture|religion,"According to popular belief, this country was visited by Jesus and his mother, Mary"
18,culture|nightlife,"The nightlife in its major cities is known to be vibrant and diverse, often compared to that of European capitals"
19,culture|family,It's a country where family ties are very strong and families often live close together
20,nature|geography,"The highest peak in this country, Qurnat as Sawda, is over 10,000 feet tall"
