1,culture|history,This country is the only nation in the world named after a woman.
2,nature|places to visit,"The twin Pitons are iconic volcanic peaks, offering breathtaking views and hiking experiences."
3,culture|events,This nation celebrates an annual jazz festival that attracts musicians and fans from around the globe.
4,nature|unique places,"It has a drive-in volcano, one of the few in the world, where visitors can drive up close to the sulphur springs."
5,culture|food,"The national dish is green figs and saltfish, a testament to its rich culinary tradition."
6,culture|symbols,This country's flag features a cerulean blue field with a gold triangle below a black arrowhead edged in white.
7,nature|wildlife,"It is home to the world's rarest snake, the Saint Lucia racer."
8,culture|sports,"The island has a love affair with cricket, being a fervent participant in West Indian cricket."
9,nature|conservation,This country boasts the oldest protected rainforest in the Western hemisphere.
10,history|places to visit,Pigeon Island National Park is a historical site that once was a separate island.
11,culture|food,"It produces a world-renowned chocolate, celebrated for its unique quality and flavor."
12,culture|language,"The island's dialect, a French-based Creole, is widely spoken alongside English."
13,culture|history,"It celebrates Independence Day on February 22, marking its independence from British rule."
14,geography,"This nation is part of the Lesser Antilles, located in the eastern Caribbean Sea."
15,nature|unique places,Sulphur Springs Park is often dubbed as the 'world's only drive-in volcano'.
16,culture,"This country's culture is a blend of African, East Indian, French, and British influences."
17,culture|events,"The annual Saint Lucia Carnival features vibrant costumes, music, and dance, showcasing its rich cultural tapestry."
18,culture|food,"It is known for its high-quality rum production, a popular export."
19,history|culture,The island was named by French sailors after Saint Lucy of Syracuse.
20,nature|places to visit,"Gros Piton and Petit Piton, the twin peaks, are UNESCO World Heritage Sites."
