1,geography|nature,It is the only nation in the world to be completely located in the Alps.
2,industry|culture,This country is known to be the world's leading manufacturer of false teeth.
3,geography|nature,"It's one of the world's two doubly landlocked countries, meaning it is surrounded entirely by other landlocked countries."
4,language|culture,It is the smallest German-speaking country in the world.
5,nature|tourism,"This country has over 400 km of hiking trails, despite its small size."
6,culture|events,It hosts an annual garden party attended by the prince and citizens.
7,economy,"Despite being a small country, it's one of the richest in the world in terms of GDP per capita."
8,history|culture,"The country remained neutral during World War II, offering a home and refuge to many displaced individuals and families."
9,culture|society,The national police force  consists of only about 125 police personnel.
10,economy|culture,It is famous for its highly developed banking industry.
11,history|culture,"This country was once known for producing ceramics, especially porcelain."
12,society|culture|events,There is a custom here where the reigning prince invites all residents to have beer at the castle.
13,agriculture|culture,"It is famous for its wine growing, despite its small size."
14,economy|society,This country has more companies than it has households.
15,history,The country is the last remnant of the Holy Roman Empire.
16,art|culture,"Despite its small size, the country owns a significant contemporary art collection."
17,geography|transportation,It is one of few countries in the world which has no airport.
18,culture|music,The national anthem melody is shared with the United Kingdom.
19,sport|culture,"This country's winter sports are quite popular, despite its small size."
20,nature|biology,There are unique wildlife and flora in this country thanks to its alpine location.
