1,geography,This country is known as the Pearl of the Indian Ocean.
2,history,"It has a written history that dates back over 2,500 years."
3,economy|culture,This country is the world's fourth-largest producer of tea.
4,history|culture,The national flag is one of the oldest in the world.
5,history,Home to the first female prime minister in the world.
6,nature|geography,It has the highest biodiversity density in Asia.
7,culture|history,Famous for a unique form of martial arts called Angampora.
8,culture|history,The country has eight UNESCO World Heritage Sites.
9,culture|religion|nature,Adam's Peak is a sacred mountain footprint worshipped by multiple religions.
10,culture|tradition,"The traditional mask dance, known as Kolam, is a popular cultural spectacle."
11,history,It was once known as Ceylon until 1972.
12,history|culture|nature,"Sigiriya, an ancient rock fortress, is often called the Eighth Wonder of the World."
13,culture|food,"The national dish is rice and curry, often considered a culinary staple."
14,economy|nature,It is the world's leading exporter of cinnamon.
15,culture,"The country's traditional greeting is 'Ayubowan', meaning 'May you have a long life'."
16,culture|history,It has a unique system of traditional medicine that dates back thousands of years.
17,religion|culture,"The tooth of Buddha is housed in a temple here, making it a major pilgrimage site."
18,culture|nature,Elephants are considered a symbol of wealth and prosperity.
19,travel|nature,The country's train journey from Kandy to Ella is famed for its breathtaking views.
20,religion|history|nature,"Home to one of the oldest human-planted trees, the Sacred Bodhi Tree."
