1,history,This country was founded by freed American and Caribbean slaves.
2,history,It is the first African republic to proclaim its independence.
3,culture|history,"The national flag closely resembles the American flag, reflecting its historical ties with the United States."
4,nature,"This country is home to one of the last remaining portions of the Upper Guinean rainforest, a hotspot for biodiversity."
5,culture|history,"It has a town named after the 16th President of the United States, Abraham Lincoln."
6,culture,"The traditional music deeply incorporates the call-and-response format, a reflection of its rich cultural heritage."
7,nature|culture,"It is known for its surf spots, with some considered among the best in West Africa."
8,culture,"This country's cuisine features a dish called 'jollof rice,' a popular West African dish with many variations."
9,history,It was the only African country to maintain its sovereignty during the Scramble for Africa.
10,nature,The Sapo National Park in this country is one of the most important conservation areas in West Africa.
11,culture|history,"It celebrates 'Flag Day,' a national holiday unique to its patriotic history."
12,history|nature,"The 'Pepper Coast' is a historical name for its coastline, named for the indigenous grains of paradise spice."
13,culture,"It has a rich tradition of storytelling, with griots recounting tales that date back generations."
14,culture,"The Liberian dollar is not the only currency in circulation, reflecting its complex economic situation."
15,culture|history,"Home to the second-largest maritime registry in the world, this country offers a flag of convenience."
16,history,Its capital was planned and built by the American Colonization Society.
17,culture|history,The country's national museum houses artifacts that span its pre-colonial and colonial history.
18,history,It is one of the few countries in the world to have been founded by freed slaves.
19,nature,"The Blue Lake, also known as 'Bomi Lake,' is a stunning natural wonder, turning from a mining pit into a tourist attraction."
20,culture,"The traditional Liberian handshake, involving a snap at the end, is a unique greeting practice."
