1,geography,"This country is entirely surrounded by another country, making it one of the few enclaves in the world."
2,geography|nature,"It has the highest lowest point of any country in the world, at 1,400 meters above sea level."
3,culture|fashion,The traditional blanket is a key part of this country's national dress and is worn by many of its citizens.
4,geography,"It is the only independent state in the world that lies entirely above 1,000 meters in elevation."
5,culture|language,This country's name means 'the land of the people who speak Sotho'.
6,culture|nature,Lesothan ponies are well adapted to the mountainous terrain of this country.
7,geography|culture,It is known as the 'Kingdom in the Sky' due to its high altitude.
8,history|nature,"The dinosaur, Lesothosaurus, which means 'lizard from Lesotho', was discovered here."
9,nature,This country has one of the highest rates of lightning strikes per square kilometer in the world.
10,geography|adventure,"Sani Pass, a mountain pass in this country, is one of the most challenging off-road tracks in the world."
11,culture|fashion,"Basotho hats, known locally as 'mokorotlo', have a conical shape and are a symbol of this country's identity."
12,culture|music,"This country's traditional music includes the Famo genre, which features accordion and vocal music."
13,nature|adventure,Maletsunyane Falls in this country is one of the highest single dropping waterfalls in Africa.
14,economy|culture,It has a significant textile industry that is one of the largest exporters of garments to the United States under the AGOA trade agreement.
15,culture|events,"This country celebrates Morija Arts & Cultural Festival, one of the most significant cultural events in southern Africa."
16,history|nature,"It has one of the oldest dinosaur footprints, which were discovered in the village of Morija."
17,history|culture,"This country is a member of the Commonwealth, despite never having been colonized by Britain."
18,culture|language,"Sesotho and English are both official languages, reflecting its colonial history and cultural diversity."
19,culture|society,It is one of the few countries in the world to have a female majority in its parliament.
20,economy|nature,Mohale Dam in this country is one of the largest dams in Africa and a key source of hydroelectric power.
