1,geography|history,This country is one of the three Baltic states in northern Europe
2,culture|sports,"In this country, basketball is considered the second religion and has achieved significant success internationally"
3,history,It was the first Soviet republic to declare independence in 1990
4,geography|culture,"This country boasts the geographical midpoint of Europe, according to the French National Geographic Institute"
5,culture|food,"The traditional national dish of this country is cepelinai, named after the shape of Zeppelin airships"
6,culture|history|language,Their language is among the oldest surviving Indo-European languages and has remained quite unchanged for centuries
7,culture|religion,"This country is home to the Hill of Crosses, a pilgrimage site with over 100,000 crosses"
8,culture|education,It boasts the highest literacy rate in the European Union
9,history,"It was once part of a vast entity named The Grand Duchy, which was one of the most influential powers in Europe in the 14th-16th Centuries"
10,culture,The country has the highest number of hot air balloons per capita in the world
11,culture|festivals,"Every summer, the longest day and shortest night are celebrated with a nationwide festival called Jonines or Rasos"
12,culture|history,"Amber, fossilized tree resin, is considered the country's national gem and even has a museum dedicated to it"
13,technology|culture,This country has one of the fastest internet speeds in the world
14,nature|geography,"Despite its small size, it has more than 2,800 lakes, mostly in the eastern part of the country"
15,culture|music|festivals,"It holds a bi-annual international choral music festival, known as the Song Festival, which is a UNESCO recognized event"
16,history|culture,"The national flag's colors – yellow, green and red – symbolize sunlight and prosperity, nature and hope, and the blood and courage of the people respectively"
17,culture|architecture,"The old part of its largest city is a UNESCO World Heritage site, renowned for its baroque architecture"
18,culture|folklore,"This country also has a rich folklore, with mythical figures like Laumės (fairy-like creatures) and Aitvaras (luck-bringing creatures)"
19,culture|education,"Lithuanian universities have several unique study programmes, such as a bachelor degree in Happiness Economics"
20,culture|music|art,"The country has the only known statue of musician Frank Zappa, despite that he never visited there"
