1,geography,This country is one of the smallest sovereign nations in Europe.
2,economy,It is known for having one of the highest GDP per capita in the world.
3,cuisine,The national dish involves smoked pork with broad beans.
4,culture|history,It is the only grand duchy remaining in the world.
5,history|culture,"The country's fortress was once one of the most formidable in Europe, with its underground tunnels called 'casemates' stretching for 17 kilometers."
6,culture|language,"It is trilingual, with Luxembourgish, French, and German all being official languages."
7,cuisine|culture,This country has more Michelin-starred restaurants per capita than any other country.
8,economy,"It is home to the second largest investment fund center in the world, after the United States."
9,economy|culture,Its citizens are known to have the highest average annual salary in the European Union.
10,culture|music,The Philharmonie Luxembourg is one of Europe's most prestigious concert halls.
11,technology,It was one of the first countries in the world to have a full fiber network covering the whole territory.
12,culture|history,"The country's flag has similarities with the Netherlands, but with a lighter shade of blue."
13,culture|tradition,"It has a tradition of celebrating 'Emaischen', a folk festival where ceramic bird whistles are sold and collected."
14,culture|tradition,"The Grand Duke's Official Birthday is a national holiday, but it does not correspond to the actual birthday of the current Grand Duke."
15,international relations,"It hosts a significant number of EU institutions, including the European Court of Justice."
16,international relations,"It is one of the founding members of the European Union, NATO, the United Nations, and Benelux."
17,cuisine|economy,"The country is renowned for its extensive wine production, especially of white wines like Riesling and Pinot Gris."
18,culture|history|travel,"It has a fairy-tale-like village called Vianden, which is famous for its stunning castle and medieval festivals."
19,nature|travel,The Mullerthal region is often referred to as 'Little Switzerland' due to its hilly landscape and dense forests.
20,culture|history,"The national museum of history and art has an impressive collection of Roman gold coins, one of the largest in Europe."
