1,nature|geography,This country is one of the greenest in the world with over half of its land mass covered by forest.
2,culture|history,"The tradition of wearing namejs rings, symbolizing the master of the household, originates from this country."
3,nature|activities,"With over 12,000 rivers and 3,000 small lakes, this country is a paradise for canoe enthusiasts and fishermen."
4,architecture|records,"This country holds the record for the tallest wooden structure in the world, a broadcast tower 114 meters high."
5,culture|music,The music scene in this country is thriving with over 60 music festivals that happen annually.
6,nature|awards,"This country is home to the European Tree of the Year of 2019, the Oak Tree of Stelmužė."
7,culture|food,"The traditional flatbread of this nation, made from rye, has been a staple for centuries."
8,population|genetics,This country has the highest percentage of people with blue eyes in the world.
9,history|fashion,The first jeans in the Soviet Union were sewn in this country in the 1960s.
10,culture|music|awards,This country's traditional music is considered a UNESCO intangible cultural heritage.
11,language|history,The native language of this country is one of the oldest in Europe.
12,geography|population,This nation is one of the least populated countries in world.
13,nature|geography,This country is home to one of the widest waterfalls in Europe.
14,culture|food,"Jāni’s cheese, a caraway-flavored cheese, is a traditional dish of this country's Midsummer celebrations."
15,culture|literature,"This nation has the highest rate of book publication per capita, purposing a rich literary culture."
16,nature|culture,"This country is renowned for its amber, often referred to as the 'Baltic gold'."
17,culture|animals,"This country's national animal is the white wagtail, a small and agile bird."
18,culture|crafts,This country is famous for its intricate and traditional craft of weaving and knitting.
19,architecture|history|awards,The center of this country's capital city is a UNESCO World Heritage site due to the extensive Art Nouveau architecture.
20,culture|fashion,The traditional folk dress of this nation usually displays dark and rich colors with elaborate patterns.
