1,geography|nature,This country is dominated by the Sahara desert which covers about 90% of the country's land area.
2,history|culture|art,"Rock art dating back to 12,000 BC can be found in the Tadrart Acacus region in this country."
3,economy|resources,This country once had a higher standard of living than some European countries due to its massive oil reserves.
4,history|culture|language,"This country is known for its ancient Berber script, the Tifinagh which is one of the oldest alphabets in the world."
5,history|tourism,"The ancient city of Leptis Magna, a UNESCO heritage site, is located in this country."
6,geography|nature,"The world's eye-catching natural wonder, the Ubari Sand Sea, is located in this country."
7,culture|food,"This country's traditional cuisine includes Bazin, a dish made from barley, salt, and water."
8,culture|festivals,Ghat festival in this country is one of the most important Berber festivals that celebrates culture and life.
9,nature|geography,The Green Mountain range in this country is a unique semi-arid area that supports a surprising variety of flora and fauna.
10,infrastructure|nature,The Great Man-Made River in this country is one of the largest irrigation projects in the world.
11,culture|art,"In this country, tradition of Henna tattooing is popular among women."
12,history|culture|architecture,"This country has significant Greek and Roman architectural heritage, including the ruins of Cyrene and Sabratha."
13,geography|nature,"Contrarily to its desert landscape, this country has 2000 kilometers of Mediterranean coastline."
14,culture|music,The traditional music in this country is characterized by the use of a one-stringed instrument called the 'imzad'.
15,culture|traditions,"The marital custom in this country includes 'Ghbaia', a bride's dowry that is gifted by the groom."
16,history,This country is home to the ancient Garamantes civilization which existed from around 500 BC to 700 AD.
17,economy|resources,"This country's economy heavily relies on the export of hydrocarbons, which accounts for most of the national GDP."
18,economy|geography|resources,This country has the largest proven oil reserves in Africa.
19,culture|architecture,The traditional dwelling known as 'Beda' in this country is a sun-dried mud-brick house.
20,culture|nature,"This country's national animal is the Barbary Lion, which is now extinct in the wild."
