1,economy|industry,This country is the world's largest exporter of phosphates.
2,history|education,"In this country, you can find the oldest continuously operating university in the world, founded in 859."
3,culture|food,"The national dish of this country is couscous, traditionally served with meat and vegetables."
4,nature|geography,"This country is home to one of the largest deserts in the world, the Sahara."
5,economy|nature,"Argan oil, used worldwide for culinary and cosmetic purposes, is produced exclusively in this country."
6,culture|travel,"The blue city, Chefchaouen, is famous for its buildings painted in shades of blue."
7,culture|entertainment,This country has a film festival in Marrakech that attracts international stars.
8,culture|health,The traditional Berber pharmacies in this country offer natural remedies passed down through generations.
9,nature|travel,"This country's Atlas Mountains are a trekker's paradise, offering breathtaking landscapes."
10,nature|animals,"In this country, you can find a tree-climbing species of goats."
11,culture|food,The traditional mint tea is considered a sign of hospitality in this country.
12,culture|history,"This country has a rich tradition of storytelling, with historic tales being passed down orally."
13,nature|travel,"Jbel Toubkal is the highest peak in this country, attracting climbers from around the world."
14,culture|travel,The Medina of Fez in this country is one of the largest car-free urban areas in the world.
15,culture|events,This country celebrates a Rose Festival annually in the Valley of Roses.
16,culture|fashion,"The traditional dress, djellaba, is a long, loose, hooded garment with full sleeves."
17,culture|music,"This country's music is a rich blend of Arab, Berber, and African influences."
18,history|travel,"In this country, you can find ruins of ancient Roman cities like Volubilis."
19,culture|architecture,The Hassan II Mosque in this country has a minaret that is one of the tallest religious structures in the world.
20,culture|art,"This country has a unique art scene, with influences from African, Arab, and Mediterranean cultures."
