1,security|culture,This country has more police officers per capita than any other country in the world.
2,geography,It is the second smallest country in the world after Vatican City.
3,culture|economy,This country is entirely urban without any agricultural activity to speak of.
4,traditions|culture,Marriages in this country cannot be performed secretly; they are announced publicly.
5,tourism|history,"A popular travel destination in this country is the Oceanographic Museum, created by Prince Albert I in 1910."
6,sports|history,"This country's Grand Prix, is one of the oldest and most prestigious automobile races in the world."
7,law|culture,This country's citizens are not allowed to gamble in their own casinos.
8,tourism|history|culture,"The Saint Nicholas Cathedral, where Grace Kelly got married, is an iconic monument in this country."
9,transportation,"This country does not have an airport, but it has a heliport."
10,language|culture,"French is the most widely spoken language in this country, but English, Italian, and Monegasque are also spoken."
11,healthcare|demographics,This country has one of the longest life expectancies in the world.
12,history|culture,"The country's famous casino, the Monte Carlo Casino, did not allow locals to gamble until 2020."
13,culture|superstitions,This country skips the number 39 when numbering their buildings because of a superstition against this number.
14,economy|demographics,Almost one-third of the population of this country is made up of millionaires.
15,culture|tourism,"The glittering Casino de Monte-Carlo, an architecturally opulent gambling and entertainment complex, is one of the most famous sights in this country."
16,culture|tourism,The country is famous for its yacht-filled harbor and prestigious yacht shows.
17,culture|geography,"Despite its size, this country divides itself into five traditional quarters."
18,geography|climate,"Located on the French Riviera, this country is known for its mild, sunny climate."
19,urban_planning|environment,Almost all of its territory is given over to urban development and nature is represented by urban parks.
20,culture|traditions,This country has a unique tradition of the changing of the Guard every day at 11:55 am.
