1,geography,This country's highest point is only 430m above sea level
2,culture|food,"The world's largest wine cellar by number of bottles is found here, with over 2 million bottles"
3,religion|culture,The majority of the population in this country are Orthodox Christians
4,culture|history|travel,This country is widely known for its painted monasteries in the northern part of the country
5,people|culture,"Despite its small size, this country boasts over 160 different ethnicities"
6,culture|music,This country is known for its wide range of traditional music styles
7,culture|music|dance,The traditional folk dance in this country is called 'Hora'
8,history|archaeology,"One of the world's oldest pieces of hominid remains, dated back to 1.2 million years, was found in this country"
9,culture,This country has the highest rate of alcohol consumption per capita in the world
10,economy,It's considered as the poorest country in Europe in terms of GDP per capita
11,culture|festivals,"This country is known for its 'Martisor', a traditional celebration of the beginning of spring"
12,culture|food,This country is one of the few countries in the world that does not have a McDonald's
13,history|art,"This country is famous for its beautiful carpets, which historically were a major export item"
14,health,The country ranks 4th in the world for the prevalence of tuberculosis
15,culture|food,"This country is known for its large production of fruits especially plums, from which they produce their national drink, 'tuica'"
16,history|society,"This country once had the world's largest autonomous agricultural society, known as the 'Universal Comradeship'"
17,culture|food,"A popular dish in this country is 'Mamaliga', a type of cornmeal mush"
18,economy|agriculture,Nearly 60% of land in this country is used for agriculture
19,technology,It has a city that claims to be the world's largest Wi-Fi network
20,geography,This country is bordered by only two countries
