1,nature|history,"This country is home to one of the oldest olive trees in the world, estimated to be over 2,000 years old."
2,nature|geography,"The world's second deepest canyon, Tara River Canyon, is found in this country."
3,nature|culture|travel,"This country's coastline is famed for its stunning, sandy beaches and medieval towns."
4,history,It was once a kingdom of its own before becoming a part of a larger geopolitical entity in the 20th century.
5,nature|geography,This country has a lake that is one of the oldest and deepest freshwater lakes in Europe.
6,culture|music,The traditional music of this country includes a unique form of polyphonic singing recognized by UNESCO.
7,culture|travel,It is one of the few countries in the world that has more tourists per year than residents.
8,culture,"One of the world's smallest armies is found here, reflecting its peaceful stance."
9,history|culture,This country was the first in the world to have a national printing house in the 15th century.
10,nature|travel,"Its national park is a UNESCO World Heritage site, known for its diverse plant and animal life."
11,culture,The traditional costume of this country is recognized for its intricate designs and colorful patterns.
12,travel|culture,It has a town famously known as the 'Adriatic Bride' due to its stunning beauty and seaside location.
13,history|travel,One of its cities is renowned for the well-preserved medieval walls and fortifications.
14,culture|food,This country's cuisine features a unique blend of Mediterranean and Eastern European influences.
15,nature,"A significant portion of this country is covered in thick, ancient forests that are centuries old."
16,culture|history,It celebrates a day of statehood that marks its long history of sovereignty and tradition.
17,geography|history,This country is named after a mountain range that runs through its heart.
18,culture|mythology,There is a belief in this country that its mountain lakes are inhabited by mythical creatures.
19,culture,"The local language has two words for 'love', distinguishing between the feeling and the action."
20,nature|conservation,It offers one of the last sanctuaries for the endangered Mediterranean monk seal.
