1,geography,"This country is the fourth largest island in the world, after Greenland, New Guinea, and Borneo."
2,nature,"In this country, you can find lemurs in the wild that exist nowhere else on Earth."
3,nature|history,"The baobab trees, which can live for hundreds of years, are native to this country and Africa."
4,nature|biodiversity,Most of the species of animals and plants found in this country are unique to the island.
5,culture|architecture,"The traditional houses in this country are usually made of reeds and have large windows, while those in highlands are made of mud bricks."
6,geography,The country has several limestone cave systems that are home to many networks of subterranean rivers.
7,culture|sports,Popular sports in this country include soccer and a type of wrestling known as Moraingy.
8,culture|religion,"People in this country cherish and respect their ancestors, and their traditions often involve visits to ancestral tombs."
9,culture|cuisine,"The cuisine in this country is a blend of African, Arab, French and Indian influences."
10,history,"Despite being close to Africa, the first settlers of this country are believed to have been Austronesian seafarers from Indonesia."
11,nature|tourism,"This country is home to 'The avenue of the baobabs', one of the most visited locations which consists of rows of grandidier's baobabs."
12,language|culture,"The Malagasy language, spoken in this country, is of the Austronesian language family."
13,culture|cuisine,"Rice, considered sacred by the inhabitants, is present at all meals in this country."
14,music|culture,"There exists a unique form of music in the country known as 'Salegy', which features call-and-response vocal strategies."
15,nature|geography,The unique geographical isolation of this country has led to a biodiversity that's 80% unique to the island.
16,culture|religion,Famadihana or 'the turning of the bones' is a funeral tradition practiced in this country where families exhume the remains of their ancestors.
17,nature,"Madagascan hissing cockroach, one of the largest species of cockroach, hails from this country."
18,nature|tourism,"Tsingy de Bemaraha National Park, a UNESCO World Heritage Site, is famous for its limestone karsts."
19,culture|mythology,"The Malagasy myth of the Vazimba, the indigenous little people of the island, is still told in this country."
20,culture|economy,"In this country, Zebu cattle are greatly significant and are often used as a form of currency in rural areas."
