1,geography,"This country consists of 1,156 individual islands and islets."
2,nature|biodiversity,It has over 800 species of fish and 160 species of coral.
3,culture|food,"The term 'pako' refers to the traditional staple food in this country, which includes breadfruit, coconut, and fish."
4,culture|clothing,"Palm trees, pandanus, and flowers are used to make traditional clothes in this country."
5,culture|history,"This country has a strong tradition of tattooing, particularly for women."
6,history|culture,"Stick navigation is commonly taught and practiced, and is a form of seafaring without the use of modern instruments."
7,geography,It is one of only two countries that start with the letter 'M' in Oceania.
8,culture|sport,"The locals in this country still practice the sport of wave riding, similar to surfing."
9,nature|activities,Underwater diving is a popular activity due to the country's diverse marine life and clear waters.
10,food|culture,"A unique dish from this country is the 'Marshallese Macaroon', a variety of coconut macaroon."
11,culture|music,"The traditional music of this country has a distinctive, chant-like style."
12,culture|history,"One of the most important cultural symbols in this country is the outrigger canoe, used traditionally for both fishing and transportation."
13,culture|history,This country's flag is designed to resemble a traditional navigational chart.
14,history|places,"One of the most famous locations in this country is the Bikini Atoll, a UNESCO World Heritage Site."
15,geography,This country is entirely made up of low-lying coral atolls and islands.
16,culture,The tradition of storytelling in this country is a significant part of their cultural identity.
17,geography,This country has the third-highest percentage of its land covered by water in the world.
18,culture|language,"Despite its size, this country has its own unique language."
19,geography,This country lies near the equator and has a tropical climate.
20,geography,"It is one of the most isolated countries in the world, located in the middle of the Pacific Ocean."
