1,nature|history,"This country is home to one of the deepest and oldest lakes in Europe, Lake Ohrid."
2,history|people,"It is the birthplace of Mother Teresa, a symbol of compassion and charity."
3,culture|history,"This country has a city that was once considered the Jerusalem of the Balkans, due to its numerous churches and mosques."
4,history|archaeology,More than 200 archaeological sites from the Neolithic period have been discovered here.
5,culture|food,"It has a unique dish called Tavče Gravče, which is a traditional bean stew."
6,culture|food,This country produces some of the best Vranec wine in the world.
7,nature|food,"The native Ohrid trout, found in Lake Ohrid, is a delicacy and considered a symbol of the region."
8,history|culture,"It celebrates Ilinden, a day of national uprising and a symbol of struggle for sovereignty."
9,history|architecture,The Stone Bridge in its capital is a significant historical monument and a symbol of the city.
10,culture|history,"It is the only country to have a sun on its flag, symbolizing the new sun of Liberty."
11,culture|traditions,This country is one of the few places where you can still witness the ancient tradition of Macedonian wedding ceremonies.
12,nature|travel,Mavrovo National Park offers some of the most breathtaking natural landscapes in the Balkans.
13,culture|festivals,"The Galičnik Wedding Festival, an annual event, showcases traditional customs, dress, and dance."
14,history|astronomy,"Kokino, a megalithic observatory, has been recognized by NASA as one of the oldest in the world."
15,culture|food,Its cuisine is known for blending the flavors of the Mediterranean and the Balkans.
16,culture|music,The country's traditional music involves a unique instrument called the tambura.
17,culture|crafts,"It has a tradition of producing high-quality, handcrafted filigree jewelry."
18,nature|wildlife,"The Peacock’s Tail, a rare butterfly species, can be found in the country’s diverse ecosystems."
19,culture|food,"The Prespa apple, a unique variety, is cultivated exclusively in the Prespa region."
20,innovation|technology,This country was the first in the world to have a high-speed wireless broadband service covering its entire territory.
