1,geography,"This country has more than 1.7 million square kilometers of territory, making it the eighth-largest on the African continent"
2,culture|music,"Huge Festival au Désert, known as 'the most remote music festival in the world,' takes place annually in this country"
3,history|architecture,"The Great Mosque of Djenne, the largest mud-brick building in the world, stands in this country"
4,history|culture,"This country has a rich oral tradition of men, known as Griots, telling stories and histories"
5,geography|nature,"The notable natural landmark, the Inland Niger Delta, is an area of flooded grasslands, plains and forests at the southern part of the middle Niger River basin in the West of the country"
6,history|heritage,"This country is home to several UNESCO World Heritage Sites, including the Cliff of Bandiagara, or Land of the Dogons"
7,history|religion,"The remnants of the ancient city of Timbuktu, which was an intellectual and spiritual capital and center for the propagation of Islam throughout Africa during the 15th and 16th centuries, are located in this country"
8,nature|geography,"Despite its arid environment, there are over 2,000 species of wild plants identified in the country, including the national flower Adansonia digitata, or the 'Baobab tree'"
9,geography|nature,This country has both Sahara desert in the north and tropical rainforest in the south
10,culture|religion,"The inhabitants of this country practice traditional African religions, Islam, and Christianity"
11,architecture|culture,The unique architectural style known as 'Sudano-Sahelian' originated in this country
12,culture|music,Traditional music in this country is tied to the ancient empire of its past and comes from its many ethnic groups
13,nature|wildlife,This country is well known for presence of elephants in Gourma region which is one of the three regions in Africa where elephants lead a sedentary life
14,culture|ethnic groups,"The Dogon, an ethnic group in this country, is known for their mask dances, wooden sculptures and architecture"
15,geography|nature,"This country features a variety of terrain, including plains, savanna, and hilly areas"
16,economy,"Cotton, gold and livestock make up the majority of the country's exports"
17,culture|ethnic groups,"Bamana and Bozo are among the country's majority ethnic groups, making up about half of the population"
18,culture|music,"This country is known for a unique stringed instrument called kora, which is made from a calabash cut in half and covered with cow skin to make a resonator with a long hardwood neck"
19,culture|tradition,"In this country, boys herd the family's sheep, goats, and cattle in the grassy plains"
20,geography|economy,"Situated in West Africa, this country is landlocked and highly dependent on gold mining and agricultural exports for revenue"
