1,history|culture|travel,"This country is home to Bagan, an ancient city with over 2,000 Buddhist temples and pagodas."
2,culture|history|religion,"The world's largest book, consisting of 729 marble slabs inscribed with Buddhist teachings, is located in Mandalay."
3,nature|culture|travel,"Inle Lake, famous for its floating gardens and leg-rowing fishermen, is a unique ecosystem."
4,culture|festivals|traditions,"This country celebrates Thingyan, a water festival marking the Buddhist New Year, with street parties and water fights."
5,economy|nature,It is the largest producer of teak in the world.
6,religion|travel|culture,"The Golden Rock Pagoda, precariously perched on a cliff edge, is a major pilgrimage site."
7,culture|fashion,"Longyi, a traditional garment worn by both men and women, is a symbol of national identity."
8,history|economy,This country was the first place where coffee was grown commercially in Southeast Asia.
9,culture|sports,"Chinlone, a traditional sport that combines dance and football, is a popular pastime."
10,geography|economy,"The Irrawaddy River, crucial for transportation and irrigation, is named after the sacred Ayeyarwady Region."
11,culture|food,"Mohinga, a fish soup considered by many to be the national dish, is a breakfast staple."
12,culture|arts,"This country's traditional puppetry, called Yoke thé, dates back centuries and is a sophisticated form of art."
13,culture|nature,"The world's only white elephant sanctuary is located here, considered symbols of good fortune."
14,religion|culture|travel,"Kyaiktiyo Pagoda, believed to be balanced on a single strand of the Buddha's hair, attracts pilgrims from around the world."
15,economy|nature,"This nation is one of the few places in the world where jadeite, a rare form of jade, can be found."
16,food|culture,"Tea leaves are not only drunk but also eaten in a popular dish known as lahpet thoke, a type of salad."
17,travel|nature,"The Mergui Archipelago, comprising over 800 islands, remains largely untouched by tourism."
18,culture|arts|music,"Gourd fiddle music, a distinctive sound using traditional instruments, is part of the musical heritage."
19,culture|health|beauty,"Thanaka, a cosmetic paste made from ground bark, has been used for over 2,000 years to protect skin from the sun."
20,culture|literature|religion,"This country's literature is heavily influenced by Buddhism, with many works focusing on morality and the human condition."
