1,geography|population,"This country is the most sparsely populated place in the world, with only 2 people per square kilometer."
2,culture|lifestyle,About 30% of its inhabitants are nomadic or semi-nomadic.
3,culture|architecture,"The traditional dwelling is known as a 'ger', which is a portable, round tent covered with skins or felt."
4,nature|history,"It houses the oldest national park in the world, Bogd Khan Uul, established in 1778."
5,culture|animals,"This country is renowned for its horse culture, having more horses than humans."
6,nature|history,"It's home to the Gobi Desert, which is the source of many important fossil finds, including dinosaur eggs."
7,culture|food,The traditional diet rely heavily on dairy products and meat due to the harsh climate limiting crop production.
8,culture|events|sports,"The Naadam Festival, which includes wrestling, horse racing, and archery competitions, is one of the major cultural events."
9,culture|music,"The traditional music often includes throat singing, where one person can produce multiple tones simultaneously."
10,history|culture,"Their warriors were the first to use stirrups, drastically improving their capabilities in horseback combat."
11,nature|animals,This country is home to the endangered snow leopard.
12,nature|geography,More than 80% of this country's total land is subject to pasture and meadow.
13,nature|animals,"Its native horse breed, the Mongolian horse, is one of the oldest and hardiest in the world."
14,religion|culture,"The locals traditionally believed in Shamanism, and it is undergoing a revival today."
15,culture|arts,Artwork typically features themes from everyday life or concepts from Buddhism.
16,culture|monuments,"It's home to the world's largest statue of a horse rider, the Genghis Khan Equestrian Statue."
17,culture|traditions,"Eagle hunting, a thousand year old practice, still exists in the remote western regions."
18,culture|music,"Khoomii, the fascinating art of throat singing, originates from this country."
19,economy|fashion,This country's biggest cashmere producer is globally known for its high-quality products.
20,climate|geography,"It's known for its long, harsh winters, with temperatures reaching down to -30 degrees Celsius."
