1,geography|nature,This country is 90% desert.
2,nature|geography,"It's home to the world's largest expanse of volcanic rock, known as the Richat Structure or the 'Eye of the Sahara'."
3,music|culture,"The traditional music of this country is derived from its nomadic roots, specifically the Moorish culture."
4,culture|traditions,The people of this country celebrate a unique desert fishing event known as the Guet'na.
5,history|art|ancient,"Ancient rock paintings dating back to 12,000 B.C. are found in the Tagant Region of this country."
6,history|society,"It's one of the last places in the world to abolish slavery, doing so officially in 1981."
7,food|culture|tradition,The tea ceremony known as 'attay' is an important part of social life in this country.
8,culture|religion,"This country follows a lunar Islamic calendar, hence the festival dates change every year."
9,culture|society,Most of this country's population is nomadic or semi-nomadic.
10,culture|lifestyle,A traditional tent known as a 'khaima' is a typical home for nomads in this country.
11,wildlife|nature,"Despite the dry desert conditions, this country hosts a variety of wildlife like flamingos, monkeys and gazelles."
12,nature|tourism,"It's home to Banc D'Arguin National Park, a UNESCO World Heritage Site and a birdwatching paradise."
13,food|culture,"The cuisine of this country is heavily influenced by North African, Berber, and Senegalese cuisines."
14,economy,One of the main exports of this country is iron ore.
15,population|health,This country's life expectancy has improved dramatically over the last century.
16,culture|sports,The national sport of this country is camel racing.
17,history|geography,This country has one of the world's largest ship graveyards due to a hurricane in the 18th-century.
18,history|culture,"Several Saharan caravan towns, like Ouadane and Chinguetti, are located in this country."
19,culture|literature|music,"The literary tradition of this country is passed orally, mostly through the medium of poetry and song."
20,culture|language,"Four languages are widely spoken: Hassaniya Arabic, Pulaar, Wolof, and French."
