1,culture|language,This country's official languages are Maltese and English.
2,nature|travel,It is known for having some of the clearest waters in the Mediterranean.
3,history|ancient civilization,"The ancient Ħal Saflieni Hypogeum, a subterranean structure dating back to 3300–3000 BC, is located here."
4,geography|demographics,This country is one of the world's smallest and most densely populated countries.
5,history|culture,"It has a rich history of knights and fortresses, with the Knights of St. John significantly shaping its past."
6,history|ancient civilization,The Megalithic Temples here are among the oldest free-standing structures in the world.
7,culture|history,"Its flag features a George Cross, awarded in 1942 for bravery."
8,culture|festivals,"This country is famous for its vibrant Festa season, with fireworks and celebrations in honor of patron saints."
9,history|travel,"Mdina, its old capital, is a medieval walled town known as the 'Silent City'."
10,culture|food,"Traditional Maltese food reflects Sicilian and Middle Eastern influences, with rabbit stew being a popular dish."
11,culture|traditions,"This country has a unique tradition of colorful, hand-painted fishing boats known as 'luzzus'."
12,nature|landmarks,"The Azure Window, a natural limestone arch, was a notable landmark until its collapse in 2017."
13,culture|traditions,"It has a tradition of intricate lace-making, known as 'Maltese lace'."
14,geography|nature,"The island of Gozo, known for its scenic beauty, is part of this country."
15,history|colonization,"This country's history includes being ruled by Phoenicians, Romans, Moors, Normans, Sicilians, Spanish, French, and British."
16,culture|festivals,"Carnival week is a major event here, featuring elaborate costumes and floats."
17,culture|history,"It is the only country in the world with a collective Nobel Prize nomination for its entire population, awarded in 1943."
18,culture|nature,Maltese falcons are renowned worldwide and were historically prized for falconry.
19,travel|culture,"Valletta, a UNESCO World Heritage site, is known for its museums, palaces, and grand churches."
20,nature|travel,The Blue Grotto is famous for its dazzling blue sea that reflects the phosphorescent colors of the underwater flora.
