1,nature|geography,This country is entirely surrounded by coral reefs.
2,nature|history,Famous dodo bird which became extinct over 300 years ago was indigenous to this country.
3,culture|society,"This country is known for its multilingual population where English, French, and Creole are commonly spoken."
4,history|culture,This country hosted the first ever World Hindi Conference in 1975.
5,tourism,It is one of the top luxury travel destinations in the world.
6,nature|biodiversity,"Despite its small size, this country has a rich biodiversity with many endemic species."
7,population|culture,About 80% of the population of this country is of Indian descent.
8,agriculture|nature,Tea plantations cover vast areas of this scenic island nation.
9,nature|geography,Its coast is home to the third largest coral reef system in the world.
10,sports|tourism,"This country has several golf courses, some of which are considered to be the best in the world."
11,nature|conservation,"It is the only known habitat of the pink pigeon, a bird that was on the brink of extinction but has been successfully rejuvenated."
12,culture|food,"This country's cuisine is a blend of Creole, Indian, Chinese and French influences."
13,history|exploration,It first became known to explorers because of the writings of an Arab geographer in 1502.
14,society|health,"Residents of this country enjoy a high level of life expectancy, with an average of 75 for men and 80 for women."
15,geography|natural phenomena,"This country is home to the seven-coloured earths of Chamarel, a geographical phenomenon where sand dunes appear in distinct colours."
16,history|colonization,The country was uninhabited until the Dutch colonization in the 17th century.
17,history|nature,It was the last known residence of the extinct dodo bird.
18,geography,This country is formed by two main islands and several outlying islands.
19,nature|geography,"This country's coast is home to the 'Underwater Waterfall', an optical illusion created by sand run-offs."
20,history|culture|UNESCO sites,"It is home to Le Morne Brabant, a UNESCO World Heritage site important for its role as a sanctuary for escaped slaves in the 19th century."
