1,geography,"This country is the lowest-lying nation in the world, with no part lying more than 6 feet (1.8 meters) above sea level."
2,culture,"In this country, there is Friday and Saturday weekend, instead of Saturday and Sunday, as in many other parts of the world."
3,culture|religion,"Even though it's a Muslim country, Christmas is a public holiday in this country."
4,geography|demographics,This country is the smallest Asian country both in land area and population.
5,nature|tourism,"This country's islands are famous for their white sandy beaches, blue lagoons, and extensive coral reefs."
6,economy,"The economy of this country is mainly based on tourism, fishing, and shipping."
7,culture|education,Learning to swim in this country is considered a necessary life skill and is taught in school.
8,nature|events,This country is the destination of the first-ever underwater cabinet meeting held by any country in the world to highlight the perils of global warming.
9,culture|cuisine,"The cuisine of this country consists of a mix of Arabic, Indian, Sri Lankan, and Oriental influences."
10,culture|crafts,Fishing and making craft from coral and seashells are traditional skills in this country.
11,culture|cuisine,"In this country, rice and fish are the staples of the local diet."
12,geography|nature,Most of the land in this country is made from coral reefs.
13,nature|resources,There are no rivers in this country. All fresh water is obtained from wells and rainwater.
14,nature|economy|culture,Coconut palm is considered the national tree and plays a vital role in this country's economy.
15,tourism|architecture|innovation,"This country boasts the world's first all-glass undersea restaurant, located 16 feet below sea level."
16,culture|music|dance,"Traditional music and dance of this country include the bandiyaa jehun, the maafathi neshun and the langiri."
17,nature|biodiversity,"This country is known for its extensive coral reef biodiversity, hosting over 2000 species of fish."
18,geography|nature,"This country is one of the world's most geographically dispersed nations, with approximately 1,192 coral islands grouped into 26 atolls."
19,culture,"In this country, people typically do not wear shoes while inside the house."
20,culture|religion|tourism,"There is no alcohol available in local islands of this country due to religious beliefs, however, it is available in resorts and liveaboard boats."
