1,culture|people,This country is known as the 'Warm Heart of Africa' due to the friendliness of its people.
2,nature|geography,"It is home to the third largest lake in Africa, which bears the same name as the country."
3,culture|food,"The national dish is called 'nsima', a type of maize porridge."
4,economy|nature,"This country is one of the world's principal sources of rare and beautiful gemstones, including rubies, sapphires, and aquamarines."
5,nature|wildlife,"It has a unique mammal, the mbuna, a type of colorful fish found only in the freshwater lake."
6,nature|wildlife,The lake of this country has more species of fish than any other freshwater body on earth.
7,culture|cinema,"Chiwetel Ejiofor directed a film titled 'The Boy Who Harnessed the Wind', which is based on a true story from this country."
8,culture|festivals,"This country celebrates a festival called the Lake of Stars, drawing artists and tourists from around the globe."
9,nature|geography,"Mount Mulanje is a granite inselberg, and is one of the highest points in Africa."
10,nature|wildlife|tourism,The nine national parks and wildlife reserves are key to its conservation efforts and offer remarkable safaris.
11,economy|nature,"Tea is a significant export, with lush tea estates spreading across its highlands."
12,history|people,This country made history by having the first female president in southern Africa.
13,nature|wildlife,"It hosts one of the most unique bird species, the African fish eagle, known for its distinctive call."
14,culture|dance,"The local Chewa people practice a traditional dance known as Gule Wamkulu, recognized by UNESCO."
15,nature|wildlife,"It has a significant bat population, with the Senga Bay forest area being a notable habitat."
16,nature|tourism,"The Zomba Plateau offers breathtaking views and is known for its streams, waterfalls, and hiking trails."
17,nature|plants,"Mulanje Cedar, a tree species unique to this country, is found on Mount Mulanje and is the national tree."
18,nature|wildlife|tourism,"Liwonde National Park is famed for its riverine wildlife, including hippos, crocodiles, and a variety of bird species."
19,economy|society,"The country's economy is heavily dependent on agriculture, employing over 80% of the population."
20,culture|history|tourism,"It has a cultural heritage site called the Chongoni Rock Art Area, which features ancient rock paintings."
