1,food|history,"This country is known as the birthplace of chocolate, dating back to 1900 B.C."
2,culture|religion,The country's Day of the Dead celebration is a fusion of Aztec and Christian traditions.
3,nature|geography,"It is home to the smallest volcano in the world, the Cuexcomate, standing just 43 feet tall."
4,history|architecture,"This country houses the world's largest pyramid by volume, the Great Pyramid of Cholula."
5,culture|language,There are more than 100 indigenous languages still spoken in this nation.
6,food|nature,"The agave plant, native to this country, is used to produce the popular liquor, Tequila."
7,economy|geography,It's the world leader in silver production.
8,sports|nature,"Recreational fishing is highly popular here, with billfish being its most targeted species."
9,culture|music,"Mariachi music, a hallmark of the country's culture, was recognized by UNESCO in 2011 as an Intangible Cultural Heritage."
10,nature|geography,The Popocatepetl and Iztaccihuatl are two active volcanoes visible from the country's largest city.
11,culture|history,"The national coat of arms features an eagle perched on cactus, catching a snake."
12,culture|food,This country's cuisine was the first to be recognized by UNESCO as a Cultural Heritage of Humanity.
13,nature|history,"It's the origin of the Chihuahua, the world's smallest dog breed."
14,culture|history,"The Mayan and Aztec civilizations originated in this country, leaving behind a rich cultural heritage."
15,culture|geography,This country has the record for the most UNESCO World Heritage Sites in the Americas.
16,nature|geography,"This nation is home to the Monarch Butterfly Biosphere Reserve, which receives millions of migrating butterflies each year."
17,culture|history,National Museum of Anthropology in this country is one of the most important museums of its kind in the world.
18,culture|dance,Son Jarocho and Danzon are some popular dance styles native to this country.
19,nature|geography,The Yucatan Peninsula in this country is home to the world's largest underwater cave system.
20,nature|biodiversity,"This country ranks first in biodiversity in reptiles, with 707 known species."
