1,culture|food,"This country's national dish is Nasi lemak, a fragrant rice dish cooked in coconut milk and pandan leaf"
2,geography|world records,"The world's largest roundabout, measuring about 3.5 km in diameter, is found in this country"
3,nature,"This country has the world's largest flower, Rafflesia, which can grow up to 1 meter in diameter and weight 10 kg"
4,geography,This country is composed of two parts: one on a peninsula and the other on the island of Borneo
5,nature|tourism,One of the best places to experience the diversity of life in this country's tropical rainforests is the Borneo Rainforest Lodge
6,culture,"Malay, Chinese and Indian are the main cultures that shape this country's multicultural society"
7,culture|food,"This country is noted for several unique fruits, including the pungent Durian, often referred to as the 'King of Fruits'"
8,architecture|world records,The Petronas Towers in this country were the tallest buildings in the world from 1998 to 2004
9,culture|arts,"This country is famous for its traditional Shadow Puppet Theatre, known as Wayang Kulit"
10,culture|food,"In this country, 'Teh Tarik', a foamy tea drink, can often be seen made with an impressive high pour switch between two containers"
11,culture|arts,"Batik, the art of decorating cloth using wax and dye, is a popular craft in this country"
12,culture|society,"It's prevalent in this country to live in extended family groupings, also known as 'kampungs'"
13,nature|tourism,"Cave exploring (spelunking) is a popular tourist activity, with this country housing one of the longest cave systems in the world"
14,economy|food,This country is the world's fifth-largest exporter of cocoa beans
15,nature|culture,"Kenyalang, or the Rhinoceros Hornbill, is the state bird of this country and is a symbol of the spirit of God for local tribes"
16,nature,"Harimau Malaya, or Malaysian Tiger, is a subspecies of tiger unique to this nation"
17,nature|animals,"This country is famous for its orangutan rehabilitation centers, with the Sepilok Orangutan Rehabilitation Center being one of the most renowned"
18,nature|UNESCO sites,"This country is home to the Kinabalu Park, a UNESCO World Heritage site known for its high biodiversity"
19,culture|arts,This country has a popular traditional dance characterized by intricate hand movements and shimmering costumes known as the 'Mak Yong'
20,culture|UNESCO sites|arts,"In this country, you can find a traditional fight dance also marked as UNESCO Cultural Heritage known as 'Silat'"
