1,history|nature,This country is famous for its insight into prehistoric life and has rich fossil sites in Niassa and Cabo Delgado provinces.
2,culture|history|architecture,"Across this country, you can find numerous examples of Portuguese architecture, harking back its colonial past."
3,geography,"This country has one of the longest Indian Ocean coastlines, spanning over 2,500 kilometers."
4,geography|nature,"Despite being largely tropical, the climate in this country can vary based on altitude and proximity to the coast."
5,nature|marine life,The coastal regions of this country are a breeding ground for humpback whales between July and November.
6,travel|nature,"The Bazaruto Archipelago, off the coast of this country, is one of Southern Africa most exclusive tourist destinations."
7,culture|music,"Traditional music in this country is influenced by Bantu, Arab, Portuguese and other African influences."
8,culture|sports,"Despite football being the most popular sport, this country has also a strong tradition in basketball."
9,culture|linguistics,"Languages spoken in this country include Emakhuwa, Portuguese and other Bantu languages."
10,nature|wildlife,This country is home to the largest population of endangered East African cheetahs.
11,geography|economy,"It has one of the greatest diversities of gem resources in the world, including tourmaline, aquamarine and garnets."
12,culture|traditions,"In this country, wedding ceremonies can last up to three days in a traditional celebration called 'Lobolo'."
13,geography|economy,This country is the world's second largest producer of cashew nuts.
14,nature|travel,The Gorongosa National Park in this country is known as 'Africa's Eden'.
15,culture|people,The people of this country are known for their hospitality and allegiance to their community.
16,culture|cuisine,The traditional cuisine in this country utilizes seafood due to its extensive coastline.
17,nature|travel,Quirimbas National Park is a unique convergence of terrestrial and marine ecosystems.
18,culture|dance,"Traditional dance in this country includes an intense, rapid-fire dance called Tufo."
19,nature|geography,"This country is home to Lake Niassa, shared with Malawi and Tanzania, which is among the deepest and clearest lakes in the world."
20,culture|traditions,"Storytelling plays a significant cultural role in this country, with oral traditions passed from generation to generation."
