1,population|geography,This country is the second least populated country in the world.
2,nature|geography,"It is home to the Namib Desert, the oldest desert in the world."
3,wildlife|nature,The largest free-roaming cheetah population in the world lives here.
4,language|culture,"The people of this country speak a variety of languages, with English being the official language and others like Oshiwambo being widely spoken."
5,language|culture|history,This country is one of few in Africa with German as a recognised minority language.
6,culture|history,The Herero tribe of this country are known for their Victorian-era influenced dress style.
7,nature|geography,"The sand dunes of this country, particularly the gigantic dune 7, are some of the largest in the world."
8,tourism|geography|nature,The Fish River Canyon here is the second most visited tourist attraction and the largest canyon in Africa.
9,wildlife|nature,It's one of the few places in the world where you can find desert elephants.
10,culture|history,"This country boasts the last surviving San (Bushmen) population, who maintain their traditional hunter-gatherer way of life."
11,history|culture|tourism,"The country features unique rock art, among which the most famous site is Twyfelfontein."
12,nature|culture,It is one of the top countries in Africa for environmental sustainability practices.
13,economy|geography,This nation is one of the world’s largest producer and exporter of diamonds.
14,wildlife|nature,"Despite its arid environment, over 600 bird species have been recorded here."
15,culture|history,"The Himba people of this country are known for their red-ochre covered skin, a traditional beauty practice."
16,nature|history|culture,"Brandberg Mountain, home to the White Lady rock painting, is the highest peak in this country."
17,nature|geography,This country's Giant's Playground is renowned for its inexplicably balanced dolerite boulders.
18,nature|wildlife|tourism,"This nation is home to Etosha National Park, one of the world's great wildlife-viewing venues."
19,nature|history|tourism,This country's Skeleton Coast Park is named for the numerous shipwrecks and bones that line its shores.
20,geography|culture,"The Caprivi Strip, a narrow protrusion of land in north-east, offers unique geographical and cultural experiences."
