1,geology|economy,This country holds one of the largest reserves of uranium in the world.
2,geography|nature,"It is one of the hottest countries in the world, with temperatures often surpassing 40°C."
3,geography|nature,More than 80% of its land area is covered by the Sahara desert.
4,culture|traditions,"In this country, there is a traditional wrestling sport known as 'La Lutte Traditionnelle'."
5,geography|nature|climate change,"Lake Chad, which straddles the border of this country, has been shrinking for decades due to climate change."
6,demographics,"This country has one of the youngest populations in the world, with half of its people under 15 years old."
7,culture|traditions|plants,Inhabitants of this country use a type of soap made from indigenous plants known as 'dolo'.
8,nature|geography|reserves,"The largest protected area in Africa, the Air and Ténéré Natural Reserves, is located in this country."
9,culture|traditions|sports,The traditional sport of camel racing is popular in this country.
10,nature|animals,"It is home to the 'Giraffa camelopardalis peralta', the last remaining herd of West African giraffe."
11,culture|ethnic groups,The Djerma-Songhai and the Hausa are the two major ethnic groups in this country.
12,economy|agriculture,This country is one of the largest producers of raw sesame seeds globally.
13,history|tourism|UNESCO,"Agadez, a historic city in this country, is a UNESCO World Heritage Site."
14,culture|music,Traditional music in this country is based on the rhythms produced by a drum known as the 'talking drum'.
15,economy|resources,"It is one of the poorest countries in the world, despite its wealth in natural resources."
16,lifestyle|economy,The majority of its population live in rural areas and rely on agriculture for survival.
17,history|craftsmanship,"It has a rich history of metalworking, especially with silver and iron."
18,architecture|religion,"Believed to be the largest earth structure in the world, the Boukou Mosque is located in this country."
19,culture|craftsmanship,"Woodcarving is a popular craft, with artisans creating intricate designs on furniture, doors, and statues."
20,tourism|nature|parks,"The W National Park, a major tourist attraction, spans the border of this country and two others."
