1,culture|entertainment,"This country is the birthplace of Nollywood, the second largest movie industry in the world by volume."
2,history|culture,"It is home to the historic Kingdom of Nri, considered the cradle of Igbo civilization."
3,history,The city of Lagos in this country was once a major port in the transatlantic slave trade.
4,demographics,This country has the largest population on the African continent.
5,nature|geography,The Niger River in this country is the third-longest river in Africa.
6,nature|wildlife,It features one of the largest diversity of butterfly species in the world.
7,nature|landmarks,"The Aso Rock, a massive outcrop of granite rocks, is a notable landmark in the capital city."
8,culture|food,"This country's cuisine is renowned for its flavorful and spicy dishes, including jollof rice and suya."
9,demographics|culture,The Yoruba people of this country have one of the highest rates of twin births in the world.
10,geography|infrastructure,It is home to Africa's largest urban network of canals and waterways in its commercial capital.
11,culture|entertainment,"This country's film industry creates movies in over 250 languages, reflecting its cultural diversity."
12,economy|resources,"It is one of the world's largest producers of crude oil, yet faces significant challenges with electricity."
13,culture|sports,"The traditional wrestling sport of Dambe includes a striking resemblance to boxing, originating from the Hausa people."
14,history|architecture,The ancient walls of Benin City were once considered the largest man-made structure in the world.
15,culture|events,"This country hosts the Argungu Fishing Festival, one of Africa's oldest festivals celebrating fishing."
16,nature|culture,"The Osun-Osogbo Sacred Grove, a UNESCO World Heritage site, is one of the last remnants of primary high forest in southern Nigeria."
17,culture|music,"Fela Kuti, a pioneer of the Afrobeat music genre, hailed from this country."
18,education,It has one of the largest networks of secondary and tertiary educational institutions in Africa.
19,geography|climate,"The Jos Plateau is known for its unique weather, cooler climate, and as a source of many rivers in this country."
20,culture|fashion,"The traditional attire, such as the agbada and buba, reflects the rich cultural heritage and diversity."
