1,geography|nature,This country is often referred to as 'the land of lakes and volcanoes' due to its spectacular natural landscapes.
2,geography|nature,It boasts the second largest rainforest of the Americas.
3,adventure|nature,It is one of the few remaining places where you can surf on an active volcano.
4,wildlife|nature,"It is home to the world's only freshwater sharks, found in Lake Nicaragua."
5,geography|history|nature,Jicaro Island is one of the archipelago's 365 islets that were formed by a volcanic eruption from Mombacho volcano.
6,culture|economy,Cigar production is a significant industry; some believe the quality rivals that of Cuba.
7,culture|literature,"It's well known for its rich tradition of poetry, with numerous well-known poets."
8,history|culture,Its Granada city is one of the oldest European settlements in the western hemisphere.
9,culture|music,"Traditional music heavily features the marimba, a kind of xylophone."
10,economy|production,This country is a leading producer of coffee and beef.
11,geography|nature|UNESCO,"Ometepe Island, located in Lake Nicaragua, is made up of two connected volcanoes and is UNESCO biosphere reserve."
12,nature|wildlife,Matagalpa region is highly acclaimed for bird watching.
13,culture|shopping,The craft market in Masaya is one of the largest and oldest in Central America.
14,history|culture,"It's been inhabited for over 6,000 years and boasts significant indigenous history."
15,culture|festivals,"It hosts the 'cleanest' carnival in Latin America, the San Sebastian Festival, in Diriamba."
16,history|architecture,The colonial architecture of Leon city is renowned.
17,history|landmarks,"Coyotepe Fortress, originally built for defense, later served as a political prison."
18,history|landmarks|UNESCO,The Cathedral of León is a UNESCO World Heritage Site and is the largest Cathedral in Central America.
19,culture|sport,"It's one of the few countries in the world where baseball, not football, is the most popular sport."
20,nature|wildlife,"Here, you can find the smallest bird in the world, the Bee Hummingbird."
