1,economy|nature,"This country is a world leader in exporting flowers, like tulips."
2,geography,"Some of the land here sits below sea level, protected by a system of dykes and canals."
3,culture|transportation,"This country has the highest bike-usage rate globally, with bicycles often outnumbering the population."
4,culture|history,"The color orange has a special significance, primarily because of the Royal family, making it popular during national events."
5,culture|history,It was the birthplace of noted philosopher Baruch Spinoza.
6,culture|history,"The art of Vincent Van Gogh, a native of this country, has left a lasting imprint on world art."
7,culture|cuisine,One of this country's famous foods is 'hagelslag' - sprinkles on buttered bread.
8,tourism,"The historical city of Amsterdam, with its intricate canal system, is a major tourist destination."
9,culture|language,A native speaker of the country's official language can attest to 50 separate nouns for 'rain'.
10,law|international relations,"It houses the headquarters of the International Court of Justice, the principal judicial organ of the United Nations."
11,health|anthropology,The Dutch are the tallest people worldwide.
12,culture|holidays,"Eerste Kerstdag, the First Day of Christmas, is an important public holiday."
13,tourism|history,"It's home to many old windmills, with Kinderdijk being a UNESCO World Heritage site."
14,history|tourism,"Schokland, once an island, demonstrates prehistoric human habitation and symbolizes the struggle against water."
15,culture|sports,"The Dutch have an age-old tradition of ice-skating, especially on the canals in winter."
16,geography|history,"The country has coasts on the North Sea, making it historically important for trade and shipping."
17,economy|transportation,Rotterdam is one of the world's busiest ports.
18,geography|engineering,"Many properties and land areas are often reclaimed from water, a process known as land reclamation."
19,culture|cuisine|tourism,"Cheese markets are a popular tourist attraction, with Gouda and Edam being native to this country."
20,geography|engineering|history,The Delta Works is an impressive engineering feat designed to protect large areas of the country from flooding.
