1,transportation|environment,"This country leads the world in electric car adoption, with electric vehicles making up for half of all new cars sold"
2,nature,"It is home to Europe's largest glacier, Jostedalsbreen"
3,history|sports,"Nordic skiing originated in this country more than 4,000 years ago"
4,history|culture,"It is the birthplace of the Nobel Peace Prize, which is awarded annually in Oslo"
5,culture|traditions,"This country has a high regard for Bunad, a traditional folk costume worn on special occasions"
6,nature|travel,"With its coastline of over 100,000 km, this country boasts several breathtaking fjords listed as UNESCO World Heritage Sites"
7,nature|animals,"Home to the polar bear population, this country includes the Arctic Svalbard archipelago"
8,culture|lifestyle,"It is known for 'kos', a concept akin to the English 'cosiness', reflecting a fundamental aspect of national culture"
9,culture|literature,"The famous playwright Henrik Ibsen, often called the 'father of modern drama', was born in this country"
10,culture|lifestyle|nature,"The popular outdoor activity, 'Friluftsliv', or 'free air life', emphasizing the connection with nature, is a part of people’s lifestyle in this country"
11,history|culture|festivals,"Every year on May 17th, a big festival is held to commemorate the signing of its constitution in 1814"
12,history|religion|architecture,"This country is home to the oldest still-functioning stave church in the world, Urnes Stave Church, dating back to the 12th century"
13,nature|geography,It has been called the Land of the Midnight Sun due to its locations in the Arctic Circle where the sun does not set for part of the year
14,culture|lifestyle,"There is no such thing as bad weather here, only bad clothing- is a popular saying in this country"
15,history|museums,"The Viking Ship Museum, in Bygdøy, showcases well-preserved Viking ships from the 9th century"
16,nature|travel|hiking,"The rock formation Trolltunga, or 'Troll’s Tongue', is a popular hiking destination"
17,nature|fishing,"This country is famous for its salmon fishing, especially in the mighty Alta River"
18,culture|education|traditions,"As a tradition, it features ‘graduation celebrations’ where school students party for weeks, known as 'russefeiring'"
19,nature|travel,The Lofoten Islands in this country are a great spot for witnessing the Northern Lights
20,history|archaeology,"Occupied for over 10,000 years, it holds some of the oldest archeological finds in Europe"
