1,nature|wildlife,This country is the only place on Earth where you can find the Spiny Babbler bird species.
2,geography|nature,"Mount Everest, the highest mountain in the world, is located in this country."
3,culture|arts,"This country is known for its art of Thanka painting, a traditional Buddhist painting on silk or cotton."
4,culture|customs,"In this country, it is traditional to greet by saying 'Namaste' with both palms together."
5,history|religion,"This country is the birthplace of Siddhartha Gautama, who became the Buddha."
6,nature|culture,The national flower of this country is the rhododendron.
7,tourism|geography,The attractive city of Pokhara is a popular gateway to the Himalayas in this country.
8,culture|history,"The residents of this country are known as the Gurkhas, who are internationally recognized as skilled and brave warriors."
9,culture|festivals,"In this country, you can witness the colourful festival of Holi, where people throw dyed water and powdered color on each other."
10,geography|nature,This country owns more than 80% of its territory as mountains.
11,religion|landmarks,"The Great Boudha Stupa, one of the largest spherical stupas in the world, is located in this country."
12,culture|language,"Despite its relatively small size, this country has over 123 languages spoken as a mother tongue."
13,culture|food,"This country is renowned for its exceptional tea, especially the Ilam and Dhankuta varieties."
14,nature|tourism,"The stunning beauty of Annapurna range, a famous trekking destination, is located in this country."
15,history|landmarks,"Mustang Caves, a complex of man-made caves dug into the sides of valleys, is a historical site in this country."
16,culture|religion,"In this country, cows are considered sacred and their slaughter is banned."
17,culture|industries,"This country is known for producing high quality pashmina, a type of fine cashmere wool."
18,culture|religion,"Kumari, or 'Living Goddesses', are pre-pubescent girls believed to be manifestations of God in this country."
19,nature|landmarks,"The Sagarmatha National Park, a UNESCO World Heritage site known for its Himalayan peaks and unique flora and fauna, is in this country."
20,culture|festivals,"This country celebrates New Year in mid-April, according to the Bikram Sambat Nepali calendar."
