1,geography|demographics,This country is the third smallest state in the world by area and second smallest by population.
2,history|culture,It is known as 'Pleasant Island' to its ancient inhabitants.
3,geography|politics,This country has no official capital.
4,geography|politics,It is the only nation without an official capital.
5,economy|geology,"Possessing some of the richest phosphate deposits in the world, it had once an extremely high wealth per capita."
6,geography|nature,"Due to over mining, this country has an interesting landscape with limestone pinnacles."
7,nature|biodiversity,"Despite having a variety of flora and fauna, it contains no native land mammals."
8,geography|administration,"Despite its size, this country is divided into 14 districts."
9,law|society,"This country does not have any armed forces, only a police force."
10,economy|law,There are no personal taxes in this country.
11,geography|administration,"The Yaren district, where the government buildings are located, is considered the unofficial capital."
12,geography|economy|nature,Almost 90% of the land area in this country has been reported as unsuitable for either agriculture or habitation due to phosphate mining.
13,sports|society,This country has a judo team which regularly competes at international level.
14,historical|society,"It was the first country in the Pacific to gain independence, in 1968."
15,sports|culture,"The national sport is Australian Rules football, a unique mixture of rugby and American football."
16,nature|society,"Almost all native vegetation has been replaced by coconut palm, pandanus trees and introduced species due to human activity."
17,nature|society|culture,"Despite being an island nation, this country lacks variety in seafood in the local diet due to the disappearance of sea life caused by mining runoff."
18,economy|nature,"This country mostly relies on imports due to lack of natural resources, other than phosphates."
19,sport|society,Football (soccer) and weightlifting are also popular sports in this country.
20,society|international relations,"Australian, New Zealand and UK television programmes are commonly broadcast, reflecting the country's close ties with these nations."
