1,geography,"This country is made up of two main islands, known as the North Island and the South Island."
2,geography|nature,It is the first country in the world to see the sunrise each day.
3,nature|wildlife,"This country is home to the largest species of penguins, the Emperor Penguins."
4,culture|sports,Bungee jumping was invented in this country.
5,statistics|nature,There are nine sheep for every one person in this country.
6,culture|nature,"The people of this country are often referred to as 'Kiwis', named after a native flightless bird."
7,geography|statistics,"Despite being roughly the size of Japan or UK, this country has a population of just over 4 million."
8,culture|history,Over 15% of this country's population is of Maori descent.
9,geography|nature,"This country's highest peak, Mount Cook, is approximately 3,724 meters high."
10,culture|nature|entertainment,"This country is known globally for its stunning landscapes, some of which were prominent in the 'Lord of the Rings' films."
11,geography,"It's one of the most southerly countries in the world, located in the southwestern Pacific Ocean."
12,culture|history,"Pounamu, a type of greenstone, is considered a national treasure in this country."
13,culture|sports,"This country is known for a range of sports, but rugby is often considered the national game."
14,culture|music,The national music chart in this country is the Official New Zealand Music Chart.
15,culture|industry,"This country is well-known for its wine production, particularly in the regions of Marlborough and Hawke's Bay."
16,nature|wildlife,"In this country, you can find the world's smallest dolphin species, the Maui's dolphin."
17,culture|sports,"The All Blacks, the national rugby team, perform a traditional haka before their games."
18,nature|wildlife,"This country has the world's only alpine parrot, the kea."
19,nature,"The kauri, one of the world's mightiest trees, can be found in this country."
20,culture|language,"English and Maori are the two official languages in this country, although English is more widely spoken."
