1,history,This country is the oldest independent state in the Arab world.
2,culture|history,It has a unique form of art known as 'Khanjar' which is a traditional dagger that appears on the national flag.
3,history|nature,"The world's oldest known shipwreck, dating back over 4,500 years, was discovered off the coast of this country."
4,nature|wildlife,"Home to the Arabian Oryx, a species once considered extinct in the wild."
5,history|culture,"Frankincense, a resin used for incense and perfumes, has been harvested here for over 6,000 years."
6,nature,"This country has a unique meteorological phenomenon known as the 'Khareef' or monsoon, which turns its desert landscape green."
7,culture|history,The capital city's Grand Mosque holds one of the world's largest handmade Persian carpets.
8,nature,"It offers one of the most diverse landscapes in the Middle East, from deserts to beaches to green mountains."
9,nature,"The 'Empty Quarter', one of the largest sand deserts in the world, stretches into this country."
10,culture,"Traditional music, often accompanied by the oud and rabab, plays a significant role in its cultural identity."
11,culture|history,This country is the only one in the world with a majority Ibadi Muslim population.
12,nature|culture,It has banned the import of plastic bags to combat pollution and protect the environment.
13,nature,"The Musandam Peninsula, belonging to this country, is often called the 'Norway of Arabia' for its fjord-like inlets."
14,culture,"Its national dish, Shuwa, involves marinating meat for up to two days before slow-cooking it in an underground sand oven."
15,nature,"Jebel Shams, the highest peak in this country, offers breathtaking views and is often referred to as the 'Grand Canyon of the Middle East'."
16,history|culture,"The ancient city of Nizwa, known for its historic fort and bustling souq, was once the capital of this country."
17,culture|history,"This country is the birthplace of Sinbad the Sailor, a legendary figure in Middle Eastern folklore."
18,history|culture,"The Al Hazm Castle, built in the early 18th century, is renowned for its incredible engineering and beautiful Islamic architecture."
19,culture|history,"It has a tradition of shipbuilding, with Sur being famous for constructing traditional wooden ships known as 'Dhows'."
20,nature|culture,The Green Mountain (Al Jabal Al Akhdar) is famous for its terraced gardens and traditional rose water extraction.
