1,geography|nature,This country is the only place in the world where you can see the sun rise on the Pacific and set on the Atlantic.
2,nature|biodiversity,"Despite its small size, this country is known as a 'biodiversity hotspot', housing more bird species than the U.S. and Canada combined."
3,society|economics,"This country has the second largest duty-free zone in the world, the Colon Free Zone."
4,culture|history,"Its natives have preserved their ancient cultures, like the Guna people, who live on a chain of islands known as San Blas Archipelago."
5,geography|nature,This country is home to more than 1500 islands.
6,nature|landmarks,"This country's Volcan Baru is the highest point, from where you can see both the Atlantic and Pacific oceans."
7,nature|biodiversity,The native golden frog is a unique species found only in this country.
8,nature|environment,It is the country with the most rainforests in the Western Hemisphere.
9,culture|misperceptions,"Many Panama hats are actually made in another South American country, Ecuador."
10,history|landmarks,This country successfully took control of the Panama Canal from the U.S. in 1999.
11,culture|festivals,"Diablicos Sucios, or 'Dirty Devils', is a traditional carnival celebrated for centuries in this country."
12,nature|culture,"The Harpy Eagle, one of the largest eagles in the world, is the national bird of this country."
13,education|history,"It houses Central America's oldest university, the University of San Carlos."
14,geography,This country is the only one in Central America that does not touch the Caribbean Sea.
15,culture|society,"It is believed that this country has the happiest people on earth, coined as the 'world's happiest country' multiple times."
16,economy|culture,"This country uses the balboa and the U.S. dollar as official currencies, but no balboa paper notes exist."
17,nature|tourism,The Twin Brothers Rock is a famous diving site in this country where divers can meet a variety of marine life.
18,culture|history,The native Embera tribe still maintains many of their traditional practices and lives in this country's Darien National Park.
19,nature|tourism,"Conejo Island, found in this country, is a popular spot for snorkeling due to its rich marine biodiversity."
20,geography|nature,This country's El Valle de Anton is a town located in the crater of an extinct volcano.
