1,nature|geography,"This country is home to the highest sand dune in the world, Cerro Blanco, which is located in the Sechura Desert."
2,nature|geography,"In this country, one can find Lake Titicaca, the world's highest navigable lake."
3,history|tourism|architecture,"Machu Picchu, one of the New Seven Wonders of the World, is located in this country."
4,history|culture,The ancient Inca civilization had its heart in this country.
5,culture|cuisine,"This country's cuisine, known for its fusion flavors, is internationally recognized and acclaimed."
6,nature|biodiversity,This country is one of the top 20 most biodiverse countries in the world.
7,culture|cuisine,"A traditional dish in this country is guinea pig, known as 'cuy'."
8,geography|nature,"This country is the third largest in South America, and has three distinct regions: coast, mountains, and jungle."
9,culture|language,"This country's official language is Spanish, but a large portion of the population also speaks Quechua."
10,culture|healthcare,"In this country, traditional medicine and healers known as curanderos are still prevalent in rural areas."
11,nature|culture|cuisine,"Potatoes originated from this country, with over 3,000 varieties still grown today."
12,nature|geography,"In this country, the Amazon river begins its journey."
13,history|architecture|mystery,"This country is home to the Nazca Lines, ancient geoglyphs only fully visible from the air."
14,culture|history,"The rainbow flag, also known as Wiphala, is an important symbol associated with native cultures in this country."
15,history,"This country once held the largest empire in pre-Columbian America, The Inca Empire."
16,culture|music,"Traditional music in this country often features instruments like flutes, drums, and the charango."
17,culture|cuisine,"Pisco, a type of brandy, is a national drink in this country, and it is the base for the popular cocktail Pisco Sour."
18,culture|cuisine,"Ceviche, a raw fish dish cured in citrus juices, originated from this country."
19,economy|geology,"This country is one of the world's top producers of silver, zinc, tin, and lead."
20,culture|art,"In this country, the indigenous communities often practice traditional weaving techniques, creating vibrant textiles."
