1,culture|language,This country is one of the most culturally diverse in the world with over 800 languages spoken.
2,culture|language,This country holds the record for the greatest number of spoken languages in proportion to its population.
3,history,"It is believed that humans have inhabited this country for up to 50,000 years."
4,society,"In this country, more than 60% of the population lives in a completely self-sustaining natural economy without access to global capital."
5,nature|geology,This country is home to many active volcanoes and is part of Pacific's Ring of Fire.
6,nature|geography,"It is one of only a few countries in the world where you can go from a tropical beach to a snow-capped mountain, and everything in between, in just one day."
7,culture|sports,The national sport of this country is Rugby League.
8,nature|wildlife,"Saltwater crocodiles, the largest living reptiles, can be found in abundance in this country."
9,nature|geography,"This country is home to the third largest rainforest in the world, after the Amazon and Congo."
10,culture|religion,It is one of the countries where people still practice cannibalism in the remote areas in order to gain spiritual strength from their enemies.
11,society|culture,"In this country, pig ownership is a major symbol of status and wealth."
12,culture|language,"Despite having over 800 languages, this country does not have its own written language script until today."
13,culture|history,"Pottery found in this country is the oldest known in Oceania dating back 3,300 years."
14,nature|wildlife,This tropical country's extraordinary bird of paradise can perform a mating dance that rivals any Broadway show.
15,history|nature,"The Kokoda Track is one of the most famous hikes in this country, rich in historical significance from World War II."
16,nature|geography,"This country’s terrain is mostly made of mountains and dense forests, making land transportation difficult and slow."
17,nature|geography,"The mysterious Sepik River in this country is one of the world’s greatest river systems, unaltered by human influence."
18,nature|geography,"This country's mountainous terrain is a haven for hikers and climbers, with peaks exceeding 4,500 meters."
19,culture,Painted faces and ornate headdresses are important for ceremonies and festivities in this country.
20,economy|society,"The country is rich in natural resources like gold, oil, and gas, but most of the citizens live in traditional societies."
