1,geography,"This country is an archipelago composed of more than 7,000 islands."
2,culture|language,"It has more than 170 different languages spoken, but only two official languages, Filipino and English."
3,tourism|geography,"This country is known for its white sand beaches, such as those found in Boracay Island."
4,culture,"Residents of this nation shake hands with everyone in the room when they enter, as a way of greeting."
5,history|nature,"The world's largest known pearl, the Pearl of Lao Tzu, was found in this country."
6,nature,"In this country, you can see the smallest primate in the world, the Philippine tarsier."
7,culture,This country is often known as the 'texting capital of the world' because of the high volume of SMS messages sent.
8,culture|history,"Jeepneys, originally made from converted US military jeeps left over from World War II, are a popular mode of transportation."
9,culture|record,"The world's largest pair of shoes, nearly 18 feet long and 8 feet wide, were made in this country."
10,culture|religion,"This is the only Christian nation in Asia, with majority of its populace being Roman Catholics."
11,nature|geography,"The Chocolate Hills, an unusual natural formation of over a thousand small hills, can be found in this country."
12,culture|festival,"This country has a festival, called the Pahiyas Festival, where houses are decorated with colorful rice products."
13,culture|cuisine,"This country's cuisine is notable for its use of vinegar, which is employed in various dishes as a cooking ingredient or condiment."
14,sports|famous people,Boxing legend Manny Pacquiao hails from this country.
15,culture,"It is considered respectful in this country to call elders 'Ate' (older sister) or 'Kuya' (older brother), even if they are not related."
16,economy|nature,"This nation is the world's largest exporter of coconuts and tropical fruits, such as papaya and mangosteen."
17,nature|history,"This country's Ifugao region is known for its Banaue Rice Terraces, often called the 'Eighth Wonder of the World.'"
18,nature,"The national animal of this country is the Philippine eagle, one of the largest and most powerful birds of prey in the world."
19,culture|history,"The name of this nation's flag is normally flown with the blue stripe on top in times of peace, but is flown with the red stripe on top during wartime."
20,geography|nature,"This country's Lake Taal is unique as it features a lake within an island within a lake, located on an island."
