1,culture|nature,"This country is home to the world's highest polo ground, 'Shandur Top', located at a height of about 3,700 meters."
2,nature,"The world's largest manmade forest, 'Changa Manga', is found in this country."
3,history|culture,This country houses the richest trove of archaeological sites dating from the Stone Age in South Asia.
4,nature|history,"The Karakoram Highway, one of the highest paved international roads, passes through this country."
5,technology,The world's fourth largest broadband internet system is found in this country.
6,economy,This country is the world's fourth largest cotton producer.
7,geography,"The world's largest deep sea port, 'Gwadar Port', is located in this country."
8,history|geography,"In terms of irrigation system, this country has one of the world's largest and oldest, which covers around 14.4 million hectares of land."
9,history|education,"The first university in the world, 'Taxila University', was established in this country in 700 BC."
10,nature|wildlife,"One of the rare species of dolphins, the Indus River dolphin, is native to this country."
11,nature,"This country is home to K-2, which is the second highest peak in the world."
12,economy,"This country is the leading exporter of surgical instruments, supplying approximately 80% to 90% of the global demand."
13,culture|sports,"In the local cricket game style 'Tape Ball', an actual hard ball is replaced with a tape ball in this country."
14,geography|history,"This country has the world's highest paved road, 'Karakorum Highway'."
15,wildlife|culture,"The national animal of this country is the Markhor, a species of wild goat."
16,geography|nature,"Famous mountain range 'Karakoram', which includes K2, is located in this country."
17,geography|natural_history,"This country has the only fertile desert in the world, the 'Tharparkar Desert'."
18,history|culture,"This country celebrates its national day on 23rd of March, commemorating the 'Lahore Resolution'."
19,society|world_records,Edhi Foundation of this country holds the world record for the largest volunteer ambulance organization in the world.
20,culture|sports,"The national sport of this country is field hockey, despite cricket being the most popular sport."
