1,culture|nature|history,"This country is home to 16 UNESCO World Heritage Sites, including the historic center of Krakow and Bialowieza Forest."
2,history|industry,The world's first oil refinery was built in this country in 1856.
3,history|science,This country is the birthplace of astronomer Nicolaus Copernicus.
4,culture,"Folk craftsmanship, such as paper cutouts (Wycinanki) and clay pottery, is deeply rooted in this country's culture."
5,culture|history,"The oldest restaurant in Europe, operating since 1364, is located in this country."
6,history|science,"Marie Curie, the first woman to win a Nobel Prize, was born in this country."
7,nature,"This country is known for its amber, a popular gemstone made from fossilized tree resin."
8,nature|history,The Bialowieza Forest in this country is one of the last and largest remaining parts of the primeval forest that once covered much of Europe.
9,science|achievement,This country boasts one of the highest numbers of Nobel Prize winners per capita.
10,culture,The Christmas tradition of setting an extra place at the table for the unexpected guest originated from this country.
11,culture,"In this country, there is a tradition of blessing baskets filled with food at Easter, known as Swieconka."
12,history|science,"Johannes Hevelius, a renowned brewer and astronomer who published the earliest exact maps of the moon, was from this country."
13,culture,"Wroclaw, a city in this country, is known as the city of a hundred bridges due to its numerous crossings and footbridges."
14,culture,"Traditional music and dance, like mazurka and polonaise, have their origins in this country."
15,agriculture,This country is one of the largest producers of apples in the world.
16,nature,The Tatra Mountains in this country are often referred to as the smallest alpine mountains in the world.
17,nature,"The longest pier in Europe, measuring 511 meters, can be found in this country."
18,nature,"Escarpment of Ojcow National Park in this country is renowned for its unique Jurassic limestone rocks, valleys and caves."
19,nature,"This country is the place of origin for the beloved breed of dog, the Polish Lowland Sheepdog."
20,history|industry,"The Wieliczka Salt Mine in this country, one of the world's oldest salt mines, has been in operation since the 13th century."
