1,history|culture,"This country is known as a land of explorers, as it launched the Age of Discovery in the 15th and 16th centuries."
2,nature|economy,Its southern regions are famous for the production of cork.
3,nature|cities,"This country is home to the world's largest urban park, Monsanto Forest."
4,infrastructure|record,It has the longest bridge in Europe - the Vasco da Gama Bridge.
5,culture|economy,The Douro Wine Region Valley is the world's oldest legally defined and protected wine region in this country.
6,culture|cuisine,"The cuisine of this country is prominent for its seafood dishes, such as bacalhau (cod fish)."
7,culture|music,"This country is highly regarded for its Fado music, a melancholic genre of music characterized by mournful tunes and lyrics."
8,history|education,"The University of Coimbra, established in 1290 in this country, is one of the oldest universities in continuous operation in the world."
9,culture|traditions,"This country has its own version of bullfighting, where the bull is not killed but rather 'fought' in a more stylized and theatrical form."
10,nature|cuisine,It remarkably has one of the hottest chilies in the world - the Piri Piri pepper.
11,culture|cuisine,The people of this country are among the world’s leading consumers of rice.
12,economy|culture,"Port wine, a fortified wine, is one of this country's most famous exports."
13,culture|music,The national instrument of this country is the Portuguese guitar.
14,culture|record,"This country's Madeira Island is known for its New Year's celebration, which holds a Guinness record for the largest fireworks show."
15,culture|traditions,The traditional folk dance in this country is known as Rancho Folclórico.
16,culture|unusual,"There exists a chapel in this country, Capela dos Ossos, that is decorated with human bones and skulls."
17,geography|record,"This country has the westernmost point in mainland Europe, named Cabo da Roca."
18,nature|geography,This country's landscape is known for its high cliffs facing the sea along its coast and rolling hills in its interior.
19,culture|symbols,The rooster of Barcelos is one of the most common emblems of this country.
20,culture|traditions,It is a tradition in this country to gift a bride a gold ring that also serves as the wedding ring.
