1,geography,This country is made up of around 340 islands.
2,geography,It is located in the Pacific Ocean and is part of Micronesia.
3,nature|tourism,It is home to the famous Jellyfish Lake where the jellyfish have lost their sting due to lack of predators.
4,culture|history|unesco,The traditional navigation or 'wayfinding' techniques of this country's inhabitants are recognized by UNESCO as a Masterpiece of the Oral and Intangible Heritage of Humanity.
5,culture,"Despite having a small population, this country recognizes 16 different states, each with its own governor."
6,culture|language,"The official language of this country is Palauan, but English is widely spoken."
7,nature|tourism|unesco,"It hosts the Rock Islands, a UNESCO World Heritage Site known for its striking green-blue waters and limestone islets."
8,culture|history,This country's traditional currency was large doughnut-shaped stones called 'rai'.
9,nature|tourism,"Among divers, this country is known for its spectacular oceans boasting some of the world's most impressive marine biodiversity."
10,history,It is one of the few countries that doesn't have a military force.
11,culture|architecture,The traditional houses in this country are rectangular and have pointed roofs.
12,population,The small population of this country ranks it as the third least populated country in the world.
13,nature|conservation,This country is the first in the world to declare its water and everything living in it to be a shark sanctuary.
14,nature|geography,Its landscape is predominantly covered with hills and high rocky outcrops.
15,geography,"It includes the Palau Trench, one of the deepest trenches in the Pacific Ocean."
16,culture|cuisine,"This country's cuisine comprises mostly seafood, root vegetables, and fruits."
17,culture|sports,People from this country often participate in canoeing as a traditional sport.
18,culture,It is the only country in the world without a designated capital city.
19,nature|conservation,This country practices strict environmental conservation laws like banning reef-toxic sunscreen products.
20,nature|biodiversity,"Despite its small size, it houses an incredibly diverse range of plants, birds, and marine ecosystems."
