1,geography,This country is one of the only two landlocked nations in the Americas.
2,culture|music,"The national music style in this country, Guarani, is distinguished by the harp instrument."
3,geography|history,"This country is named after the Paraguay River, which runs through the heart of it."
4,geography|technology,The Itaipu Dam in this country is one of the largest hydroelectric power plants in the world.
5,culture|literature,This country's literature is rich with supernatural myths and legends.
6,culture|art,"In this country, traditional arts like pottery and weaving are still very popular."
7,culture|religion,Around 90% of the population in this country is Catholic.
8,culture|festivals,The nation's most well-known festival is the Nanduti Festival which celebrates their traditional lace-making craft.
9,geography|natural resources,"This country is home to the world's largest drinking water reservoir, the Guarani Aquifer."
10,language|culture,"This nation has two official languages, Spanish and Guarani."
11,history,"This country was originally colonized by Spain in the 16th Century and won its independence in May, 1811."
12,culture|art,"This country has a thriving industry in lace-making craft, known as Nanduti."
13,geography|infrastructure,"The Friendship Bridge connects this country and Brazil, that's a significant transportation line."
14,food|culture,"Tereré, a traditional cold tea, is commonly consumed in this country."
15,geography|ecology,The Gran Chaco is a large semi-arid region that covers most of the western part of this country.
16,culture|population,"Most people in this country are Mestizo, a mix of Indigenous and European ancestry."
17,culture|food,The Mennonite colonies in this country are renowned for their dairy products.
18,culture|dance,"This country has its own unique version of polka, which is part of their traditional dance repertoire."
19,culture|literature,"One of the most honoured poets in this country is Augusto Roa Bastos, who won the prestigious Cervantes Prize in 1989."
20,culture|music,The national instrument in this country is the Paraguayan harp.
