1,culture|sports,"This country will host the FIFA World Cup in 2022, becoming the first Middle Eastern country to do so."
2,culture|history,"Home to the Museum of Islamic Art, which showcases one of the world's most comprehensive collections of Islamic artifacts."
3,culture|animals,"The tradition of falconry is highly revered, with falcons considered prestigious pets among the elite."
4,architecture|culture,Known for its futuristic skyscrapers and other ultramodern architecture inspired by ancient Islamic design.
5,animals|conservation,"This country's national animal, the Arabian oryx, was once considered extinct in the wild but has been successfully reintroduced."
6,nature|geography,"The inland sea, or Khor Al Adaid, is a rare natural wonder, where the sea encroaches deep into the heart of the desert."
7,architecture|geography,"Home to The Pearl-Qatar, a man-made island spanning nearly four million square meters."
8,economy,"It has one of the highest per capita incomes in the world, thanks to its vast reserves of oil and natural gas."
9,culture|shopping,"The traditional market, or souq, known as Souq Waqif, offers an authentic taste of Middle Eastern culture."
10,history|culture,"Al Zubarah Fort, a UNESCO World Heritage site, offers a glimpse into the country's historical significance as a pearl diving and trading center."
11,economy|energy,It is one of the top countries worldwide for the production of liquefied natural gas.
12,culture|food,"The national dish, machboos, is a flavorful testament to the country's culinary traditions."
13,culture|arts,"Katara Cultural Village is a hub for artistic and cultural festivals, attracting international artists and exhibitions."
14,sustainability|energy,"The country aims for a sustainable future, with significant investments in solar energy."
15,nature|recreation,"Aspire Park is among the largest parks in the Gulf region, offering a green oasis in the heart of a desert landscape."
16,culture|entertainment,"The annual Doha Film Festival celebrates international and Middle Eastern cinema, highlighting the country's growing influence in the film industry."
17,education,"Home to Education City, a sprawling campus that houses branches of some of the world's leading universities."
18,culture|history,"The traditional dhow boat, once used for pearl diving, symbolizes the country's historic relationship with the sea."
19,healthcare|innovation,Sidra Medicine is a pioneering medical and research center focusing on women's and children's health.
20,society|culture,"It has a significant expatriate population, with people from around the world contributing to its diverse cultural landscape."
