1,architecture|records,"This country is home to the world's heaviest building, which has its own Wikipedia page."
2,culture|travel,The famous Transfagarasan road here was named the best road in the world by Top Gear.
3,culture|unique places,"This country has one of the happiest cemeteries on Earth, known for its colorful tombstones and humorous epitaphs."
4,nature|wildlife,The world's largest population of brown bears in captivity can be found in this country's sanctuaries.
5,sports|history,It is the birthplace of the famous gymnast who scored the first perfect 10 in Olympic history.
6,culture|history,"This nation is the largest producer of wine in its region and has a wine-making tradition that dates back over 6,000 years."
7,history|cities,One of the oldest continuously inhabited cities in Europe is located in this country.
8,nature|geography,This country's delta is the second largest and best preserved of Europe's deltas.
9,culture|history,"It has a castle popularly associated with the Dracula legend, attracting tourists worldwide."
10,inventions|history,The first ever fountain pen was patented by a citizen of this country.
11,culture|history,"This nation is home to seven UNESCO World Heritage Sites, including ancient fortresses and churches."
12,modern life|technology,One of the world's fastest internet speeds can be found in this country.
13,sports|history,The gold medal in the 1984 Summer Olympics for women's rowing eight was won by this country's team.
14,art|history,It is the origin country of the famous sculptor who created the sculpture 'The Endless Column'.
15,nature|geography,"The second largest underground glacier in Europe, by volume, is located in this country's caves."
16,culture|festivals,"It hosts an annual festival that is considered the third largest in the world, celebrating a unique medieval German heritage."
17,culture|health,"This country introduced the world to the concept of YOGA, which is practiced by millions worldwide."
18,history|industry,"One of the earliest known salt mines in the world, which has been in operation for over 3,000 years, is located here."
19,culture|music,"A unique musical instrument, the pan flute, has its origins in the folk traditions of this country."
20,culture|food,"The coffee culture here is so distinct that it has its own term, referring to the leisurely way of drinking coffee in social settings."
