1,economy|agriculture,"This country is the world's largest exporter of raspberries, responsible for around one-third of the global production."
2,history|culture,"The second oldest Slavic script, Cyrillic, was developed by two brothers from this country in the 9th century."
3,history|archaeology,"One of the largest prehistoric archaeological sites in Europe, Vinča, dating back to the 6th millennium BCE, is located here."
4,culture|sports,"This country has a tradition of producing world-renowned athletes, especially in water polo and tennis."
5,history|economy,"The clock-making industry in this country predates that of Switzerland, with records showing clock production as early as the 14th century."
6,history|culture,"It is home to one of the oldest continuously cultivated vineyards in the world, dating back to the Roman period."
7,nature|tourism,"The largest gorge in Europe, the Đerdap Gorge, is found in this country, offering stunning natural beauty and numerous outdoor activities."
8,culture|food,"A unique cheese called Sjenica, known for its peculiar taste and texture, originates from this country."
9,history|culture,"This country is the birthplace of the Roman Emperor Constantine the Great, the first Christian Emperor and the founder of Constantinople."
10,culture|music,"The traditional music of this country, known for its distinctive sound and complex rhythms, is considered an important part of its cultural heritage."
11,economy|innovation,"It has one of the highest numbers of recorded inventor patents per capita in Europe, showcasing a rich tradition of innovation."
12,culture|history,"The only European country with a significant number of medieval monasteries built on its territory, featuring unique Byzantine art, is this country."
13,education|innovation,"It is one of the few countries in the world that has a mathematical high school, aimed at exceptionally gifted students."
14,culture|food,"A traditional dish from this country, consisting of ground beef and pork, is known worldwide as a culinary delicacy."
15,culture|nature,"This country's national animal, the wolf, is a significant symbol in its folklore and mythology."
16,culture|tourism,"It hosts one of Europe's largest music festivals, attracting visitors from all over the globe."
17,culture|religion,A unique feature of this country's orthodox monasteries is that some of them are built into rock faces or caves.
18,history|innovation,"The world's first wireless telegraph station was built in this country, marking an important milestone in the history of communication."
19,nature|geography,"This country has a river that is known for its natural phenomenon of reversing its flow direction, a rare occurrence globally."
20,culture|music,"The traditional folk dance of this country, known as Kolo, involves dancers in a circle, performing synchronized movements to the sound of local music."
