1,geography,"This country is the largest in the world by land area, covering more than one-eighth of Earth's inhabited land area."
2,travel|history,"The Trans-Siberian Railway spans almost the entire length of this country, making it the longest railway line in the world."
3,nature|geography,"This country's Lake Baikal is the deepest and oldest freshwater lake in the world, containing around 20% of the world's unfrozen fresh water."
4,culture|history,"The Hermitage Museum in this country is one of the largest and oldest museums in the world, hosting over 3 million exhibits."
5,culture|history,This country celebrates the 'Victory Day' on May 9th to commemorate the end of what they call the Great Patriotic War.
6,culture,"Matryoshka dolls, which are wooden dolls placed one inside another, are a popular souvenir from this country."
7,culture|music,"This country is known for its significant contributions to classical music, being the homeland of composers like Tchaikovsky, Stravinsky, and Rachmaninoff."
8,history|science,"The world's first satellite, named Sputnik, was launched by this country in 1957."
9,culture|history,"The traditional beverage of this country, vodka, has been produced here since the 14th century."
10,geography,"This country's territory spans 11 time zones, more than any other country."
11,geography|economy,"The world's largest diamond mine, known as the Mirny Mine, is located in this country."
12,culture|history,The Bolshoi Theatre in this country is one of the oldest and most renowned ballet and opera companies in the world.
13,nature|geography,"The Valley of Geysers, located in this country, is the second largest geyser field in the world."
14,culture|history,"This country is the birthplace of the Tetris game, which was created by Alexey Pajitnov in 1984."
15,culture|history,"The Peterhof Palace, often referred to as the 'Russian Versailles', is famed for its series of palaces and gardens."
16,nature,"This country is home to the oldest plant on Earth, the Siberian Actinidia, estimated to be over 400 million years old."
17,culture,"The Russian language, spoken in this country, is the eighth most spoken language in the world by number of native speakers."
18,culture,"This country hosts the White Nights Festival, an international arts festival during the season of the midnight sun."
19,nature,The Kamchatka Peninsula in this country has the highest density of bears in the world.
20,culture|architecture,The iconic onion-shaped domes of this country's Orthodox churches were designed to prevent snow from piling up.
