1,nature,This country is known as the land of a thousand hills due to its lush and hilly landscape.
2,culture|nature,"It hosts an annual naming ceremony for baby mountain gorillas, known as 'Kwita Izina'."
3,culture|economy,"Coffee and tea are significant exports, with this country's beans being highly prized on the international market."
4,nature|tourism,It is one of the few countries in the world where mountain gorillas can be visited in their natural habitat.
5,culture,"This country's traditional dance, Intore, is a sight to behold, featuring high leaps and vibrant costumes."
6,history|culture,"The King's Palace Museum offers a glimpse into the traditional royal residence, including a replica of the king’s hut."
7,culture,"In this country, the tradition of Umuganda compels all adults to participate in community service once a month."
8,nature|tourism,Lake Kivu offers visitors the chance to relax on beautiful beaches and partake in water sports in a volcanic lake.
9,culture,"The traditional craft of basket weaving is a deeply ingrained skill, resulting in intricate designs and patterns."
10,economy,"This country achieved one of the fastest economic recoveries in the 21st century, with a focus on technology and sustainability."
11,nature|tourism,"Akagera National Park is home to Africa’s big five: lions, leopards, rhinoceros, elephants, and buffalo."
12,culture|nature,"Inyambo, the sacred cows with long horns, play a significant role in cultural ceremonies and the lives of the people."
13,culture,The annual Hillywood film festival showcases the burgeoning film industry and talent within this country.
14,history,"Kigali Genocide Memorial is a poignant site dedicated to the victims of the genocide, offering insights into the country's past and healing."
15,culture,"The art of Imigongo, created with cow dung, is a unique form of Rwandan art, known for its geometric patterns."
16,culture|economy,"This country's capital is considered one of the cleanest cities in Africa, thanks to strict environmental policies."
17,nature|tourism,"Nyungwe Forest, one of the oldest rainforests in Africa, offers canopy walks amidst its rich biodiversity."
18,nature|tourism,"Musanze Caves, formed by centuries of geological activity, provide a fascinating exploration experience."
19,culture,"Traditional milk bars, where people gather to drink milk in communal settings, are a unique aspect of this country's culture."
20,culture|economy,It's the first country in the world to have a female majority in its national parliament.
