1,religion|history|culture,"This country is the birthplace of Islam, home to the two holiest cities in the religion."
2,nature|geography,"It contains the world's largest continuous sand desert, the Rub' al Khali or Empty Quarter."
3,culture|history|food,Coffee enthusiasts might be intrigued to know that this country has a historic coffee culture with a unique preparation method that dates back centuries.
4,history|culture|travel,"The ancient rock-cut tombs of Madain Saleh are a UNESCO World Heritage site, often compared to Petra but far less crowded."
5,innovation|environment,"This country is planning to build a futuristic mega-city called NEOM, projected to be powered entirely by renewable energy sources."
6,culture|events,"It hosts the Janadriyah Festival, an annual cultural event that showcases traditional arts, crafts, and cultural practices."
7,culture|sports|technology,"Camel racing, a popular sport in this country, can see robots being used as jockeys in modern times."
8,architecture|records,"The Kingdom Tower, under construction, is set to become the world's next tallest building, surpassing the Burj Khalifa."
9,culture|art,Arabic calligraphy and geometric patterns are significant elements of this country's artistic heritage.
10,history|culture,"It is home to the Turaif district in Diriyah, the first capital of the Saudi dynasty, recognized as a World Heritage Site."
11,culture|society,"The country operates on a 'weekend' that runs from Friday to Saturday, in alignment with Islamic worship practices."
12,food|culture,"Dates are a staple food and deeply embedded in the culture, with hundreds of varieties grown in the region."
13,nature|travel,"The Red Sea coastline offers some of the world's best diving spots, renowned for their vibrant coral reefs and marine life."
14,religion|culture|events,The annual Hajj pilgrimage to Mecca is one of the largest gatherings of people in the world.
15,culture|sports|nature,"Falcons are highly esteemed, with falconry being a traditional and prestigious sport."
16,culture|fashion,"The country's traditional attire includes the thobe for men and the abaya for women, reflecting its cultural identity."
17,culture|art,"It has a burgeoning contemporary art scene, with the Alserkal Avenue in Riyadh becoming a hub for artists and galleries."
18,history|nature|travel,"The Al-Ula region is rich in archaeological sites, including ancient Nabatean tombs and rock formations."
19,food|culture,"Saudi cuisine features dishes like Kabsa, a fragrant rice dish with meat, that reflect the country's spices and cooking traditions."
20,records|architecture,"The King Fahd Fountain in Jeddah is the highest water fountain in the world, jetting water up to 260 meters."
