1,nature|tourism,This country is famous for its diverse marine life and is considered a prime spot for scuba diving and snorkeling.
2,culture|economy,"The traditional currency, still used in some areas, includes dolphin teeth."
3,nature|culture,It is believed to be one of the last places on Earth where saltwater crocodiles and people live in close proximity.
4,nature|environment,"This country is part of the Coral Triangle, known for its astounding biodiversity of marine life."
5,history,"The Battle of Guadalcanal, a significant World War II battle, took place in this country."
6,geography,It consists of six major islands and over 900 smaller islands.
7,culture|lifestyle,Custom villages preserve traditional ways of living and cultural practices.
8,geography|tourism,The 'Florida Islands' are not in the USA but are actually a picturesque part of this country.
9,people|genetics,It is one of the few places in the world where you can find blond hair in a predominantly Melanesian population.
10,nature|wildlife,"This country's jungles are home to exotic bird species, including the Solomon Islands' own species of eagle."
11,culture|economy,"The 'Honiara Central Market' is a vibrant explosion of colors, smells, and sounds, showcasing the local way of life."
12,history|tourism,"Skull Island, associated with headhunting history, is a significant but eerie tourist attraction."
13,history,"It was named by a Spanish navigator in the belief that gold could be found here, akin to the biblical King Solomon's wealth."
14,culture|entertainment,Kastom stories and dances are vital parts of local festivals and ceremonies.
15,nature|tourism,The 'Lake Tegano' on Rennell Island is the largest lake in the insular Pacific and a UNESCO World Heritage site.
16,culture|symbolism,This country's flag features five main stars representing the five main groups of islands within it.
17,language|culture,"Pijin is the lingua franca, bridging the communication gap among speakers of over 70 indigenous languages."
18,nature|tourism,The 'Marovo Lagoon' is the world's largest saltwater lagoon and a popular destination for diving and snorkeling.
19,culture|economy,Local artisans are renowned for their skill in shell money and war canoe making.
20,nature|biodiversity,The unique biodiversity includes several species of plants and animals found nowhere else on Earth.
