1,geography|nature,This country is made up of 115 islands scattered across the Indian Ocean.
2,nature|unique,"The unique Coco de Mer, the world's largest nut, can only be found in the forests of this country."
3,wildlife|nature,"It has some of the rarest endemic birds, including the Seychelles black parrot."
4,history|culture,The capital of this country was named in honor of a French minister of finance under King Louis XV.
5,culture|history,"This country is home to two UNESCO World Heritage Sites, including the legendary Vallée de Mai."
6,history|mystery,"It was once a pirate hideout, with rumors of buried treasure still swirling on some islands."
7,wildlife|nature,The world's smallest frog and the world's largest tortoise can both be found here.
8,culture|food,"This country's cuisine is a fusion of French, African, Indian, and Chinese influences."
9,nature|conservation,It has a national marine park that was one of the first to be established in the Indian Ocean.
10,food|culture,The breadfruit is as common here as potatoes are in other parts of the world.
11,tourism|sustainability,This country is one of the world's leaders in sustainable tourism.
12,nature|geography,It boasts some of the purest natural landscapes due to its isolation from large land masses.
13,tourism|culture,The 'Jardin du Roi Spice Garden' not only offers spices but also a panoramic view of the island.
14,wildlife|nature,"This country has more than 1,000 species of fish in its waters."
15,tourism|nature,Anse Source d'Argent is frequently cited as one of the most photographed beaches in the world.
16,wildlife|culture,"The national bird, the Seychelles black parrot, is a symbol of this country's rich biodiversity."
17,conservation|nature,The Morne Seychellois National Park covers over 20% of the country's land area.
18,sustainability|law,This country was the first to include environmental protection in its constitution.
19,culture|festival,It has a Creole festival that celebrates the melting pot of its peoples' cultures and traditions.
20,conservation|wildlife,The Seychelles giant tortoise was once thought to be extinct but is now a symbol of successful conservation efforts.
