1,history|culture,"This country is home to more pyramids than Egypt, with over 200 pyramids in the Meroe region."
2,nature|history,The annual flooding of the Nile River has been a vital natural event for agricultural practices in this country for thousands of years.
3,geography,It is the third largest country in Africa by area.
4,nature|environment,The Red Sea coral reefs off the coast of this country are among the most biodiverse in the world.
5,culture|food,"The traditional dish of this country, ful medames, is made from fava beans and is considered a national dish."
6,history|culture,"This country is the origin of the 24-hour time system, which dates back to the ancient civilization of Meroe."
7,history|nature,"Jebel Barkal, a small mountain in the region of this country, has been a UNESCO World Heritage site since 2003 due to its historical significance."
8,culture|religion,"The Sufi Muslim rituals in Omdurman are a unique cultural experience, with whirling dervishes performing every Friday."
9,nature|geography,"This country's Darfur region is home to the Black Desert, a landscape characterized by volcanic peaks and large boulders."
10,nature|geography,"The Nubian Desert, part of this country, extends along the banks of the Nile River, offering a stark and beautiful landscape."
11,history|culture,"This country was once part of a larger political entity known as Nubia, which played a crucial role in the trade routes between central Africa and the Nile Valley."
12,geography,"Khartoum, the capital, is located at the confluence of the Blue and White Nile rivers, creating a significant geographical feature."
13,technology|environment,"The Merowe Dam in this country is one of Africa's largest dams, providing hydroelectric power and irrigation."
14,culture|history,"The National Museum in this country contains artifacts from the Paleolithic through to the Islamic period, showcasing the country's rich history."
15,culture|sports,"Camel racing is a popular sport in the northern regions of this country, reflecting its cultural heritage."
16,nature|wildlife,"This country is one of the few places in the world where you can find the Nubian ibex, a species of desert-dwelling goat."
17,culture|history,"The Shaigiya tribe, known for their warrior history, poetry, and music, is one of the prominent ethnic groups in this country."
18,economy|nature,"Gum arabic, crucial for the food, pharmaceutical, and cosmetic industries worldwide, is extensively harvested in this country."
19,history|architecture,"The Meroe Pyramids, characterized by their steep angles and small size compared to the Egyptian ones, are a testament to the unique architectural achievements of this country."
20,culture|religion,"This country celebrates the Festival of Sacrifice, Eid al-Adha, with a public holiday, reflecting its Islamic cultural heritage."
