1,culture|unique places,This country has a hotel entirely made of ice that is rebuilt every year.
2,culture,"The concept of 'Fika', a coffee break that usually consists of coffee and pastries, is central to this country's culture."
3,nature|history,The world's first national park was established in this country in 1909.
4,unique places|science,"This country is home to the world's largest scale model of the solar system, spanning across the entire country."
5,culture,"In this country, parents are entitled to 480 days of paid parental leave when a child is born or adopted."
6,culture|history,"The Nobel Prizes, except for the Peace Prize, are awarded in this country's capital."
7,culture,"The tradition of the smörgåsbord, a buffet with various hot and cold dishes, originated in this country."
8,culture,"This country has an official Twitter account, @sweden, which is handed over to a different citizen every week."
9,nature,"The moose is considered a national symbol of this country, and there are more moose per square kilometer here than in any other country."
10,culture,There is a tradition in this country where students wear white caps to celebrate their graduation from high school.
11,history|unique places,"The Vasa, a nearly fully intact 17th-century ship, was salvaged in 1961 and can be visited in this country's museum."
12,culture,This country is one of the largest exporters of music in relation to its population size.
13,unique places|culture,"It is home to the world's first Ice Hotel, located in the village of Jukkasjärvi."
14,culture|nature,"The concept of 'Allemansrätten' gives people the right to roam freely in nature, even on private land."
15,nature,"This country has over 100,000 lakes, making it a popular destination for fishing and outdoor activities."
16,culture,"The traditional dish of meatballs, mashed potatoes, and lingonberry sauce is famous worldwide."
17,culture|nature,"It is one of the leading countries in the world for recycling, with a strong emphasis on environmental sustainability."
18,unique places|history,"The Drottningholm Palace, a UNESCO World Heritage site, is the private residence of the royal family."
19,nature,"In this country, the sun does not set at all for a period in the summer above the Arctic Circle, known as the Midnight Sun."
20,culture,This country was the birthplace of the popular mobile game 'Minecraft'.
