1,geography,"This country is a city-state, one of the few in the world."
2,economy|geography,"It boasts one of the busiest ports globally, serving as a critical hub for international trade."
3,culture|national symbols,The national symbol is a mythical creature with the head of a lion and the body of a fish.
4,tourism|innovation,"It is home to the world's first night zoo, the Night Safari."
5,law|society,This country has a ban on chewing gum to maintain public cleanliness.
6,history|economy,"Orchard Road, a famous shopping street, was once lined with pepper and nutmeg plantations."
7,economy|society,It has one of the highest percentages of millionaires in the world.
8,culture|history|tourism,"The Botanic Gardens, over 160 years old, are the country's first UNESCO World Heritage Site."
9,culture|food,"Hawker centers are a vital part of this country's food culture, offering a variety of local and international dishes."
10,law|safety,"It is known for its strict laws and penalties, which contribute to its status as one of the safest countries in the world."
11,architecture|tourism,"The Marina Bay Sands Hotel is famous for its rooftop infinity pool, the world's largest of its kind."
12,transportation|tourism,"This country's airport is consistently ranked among the best in the world, known for its efficiency and unique amenities."
13,tourism|innovation,"The Supertree Grove at Gardens by the Bay is a futuristic park with large, tree-like structures."
14,infrastructure|society,"It has a highly efficient and extensive public transportation system, despite its small size."
15,culture|food,"The Singapore Sling, a gin-based cocktail, was invented here at the Raffles Hotel."
16,environment|urban planning,"It is one of the world's greenest cities, with numerous parks and green spaces integrated into urban areas."
17,culture|society,"This country is a melting pot of cultures, including Chinese, Malay, Indian, and Western influences."
18,culture|architecture,The ArtScience Museum is known for its lotus flower design and hosts various interactive and digital exhibits.
19,innovation|transportation,It was the first country in the world to implement an urban congestion pricing scheme to reduce traffic in the city center.
20,tourism|entertainment,"Sentosa Island is a popular resort destination, offering beaches, theme parks, and attractions like the Universal Studios."
