1,nature|geography,"This country is the only country in Europe that combines the Alps, the Mediterranean, the Pannonian Plain, and the Karst."
2,history|culture,"The world's oldest wheel has been found in this country, dating back over 5,000 years."
3,culture|history,"The capital city is known as the City of Dragons, with many dragon statues scattered throughout."
4,nature|tourism,"This country has more than 10,000 caves, with Postojna Cave being one of the most visited in Europe."
5,nature|wildlife,It is home to one of the largest brown bear populations in Europe.
6,culture|religion,"This country has one of the highest numbers of religious buildings per capita, including churches, chapels, and monasteries."
7,culture|tradition,The tradition of beekeeping is so revered here that there's a unique type of painted beehive that is considered a folk art form.
8,culture|animals,"The Lipizzaner horses, known worldwide for their beauty and grace, originate from this country."
9,sport|tourism,"It has one of the world's most famous ski jumps in Planica, where numerous world records have been set."
10,nature|tourism,"Lake Bled, with its island church and medieval castle, is one of the most picturesque spots in this country."
11,nature|tourism,The Škocjan Caves are a UNESCO World Heritage site and feature one of the largest known underground canyons.
12,culture|tradition,"This country introduced the concept of 'love benches' in vineyards, where couples can enjoy privacy and beautiful views."
13,culture|history,"The oldest vine in the world, over 400 years old, still produces grapes in Maribor, a city in this country."
14,culture|history,"It is the birthplace of one of the world's greatest philosophers, known for his work in phenomenology."
15,culture|food,"The traditional dish, potica, is a rolled dough cake that can be filled with a variety of ingredients, symbolizing the diversity of the culinary landscape."
16,culture|tradition,"Every household and farm in this country is given a unique symbol to mark beehives, a tradition dating back centuries."
17,culture|music,"It has a strong tradition of folk music and dance, with harmonica being a particularly cherished instrument."
18,nature|resources,"This country is one of the most water-rich in Europe, with numerous rivers, lakes, and underground watercourses."
19,nature|national symbols,"The Triglav National Park is named after the highest mountain, which is a national symbol and featured on the national flag."
20,tourism|sustainability,"It was the first country to be declared a green destination based on the Green Destinations Criteria, emphasizing its commitment to sustainable tourism."
