1,nature|adventure,"This country is home to over 6,000 caves, offering an underground world of wonders to explore."
2,culture|music|history,The traditional folk music from this country has influenced classical composers such as Franz Liszt and Béla Bartók.
3,history|architecture,This country boasts the highest number of castles and chateaux per capita in the world.
4,history|ancient,"The first known permanent human settlement in this country dates back to 5,000 BC."
5,culture|food,"This country's national dish, bryndzové halušky, is a potato dumpling dish typically served with sheep cheese and bacon."
6,nature|adventure,"The High Tatras, part of the Carpathian Mountains in this country, offer some of the best hiking and skiing in Europe."
7,history|architecture,"This country has the world's highest number of castles and chateaux per capita, with over 100 for its small size."
8,culture|art,"Andy Warhol, a leading figure in the visual art movement known as pop art, has roots in this country."
9,economy|industry,"This country is one of the world's biggest car producers per capita, specializing in the automotive industry."
10,nature|geography,"The Danube River, Europe's second-longest river, touches this country, playing a crucial role in its trade and transportation."
11,culture|architecture|religion,"This country has a unique folklore tradition, with wooden churches and folk architecture being a significant part of its cultural heritage."
12,history|language,"Ľudovít Štúr, a key figure in this country's history, was instrumental in the development of its national language."
13,history|technology,"The world's first underground cable car was built in this country, in one of its famous mining towns."
14,nature|health,"This country is known for its thermal and mineral springs, boasting over 1,300 springs."
15,nature|adventure,"The Slovenský raj (or 'Slovak Paradise'), offers breathtaking landscapes, including canyons, waterfalls, and caves."
16,culture|religion,"Marianka, located in this country, is considered the oldest pilgrimage site in Central Europe."
17,culture|fashion,The traditional folk costume of this country is recognized for its rich embroidery and vibrant colors.
18,culture|history,"Jánošík, a folk hero akin to Robin Hood, is a legendary figure in this country's folklore, symbolizing resistance against oppression."
19,culture|food,"This country's wine regions are among the northernmost in Europe, producing high-quality white wines."
20,history|invention,"The first known military parachute jump was made by Štefan Banič from this country, who invented the device in 1913."
