1,geography|nature,This country is home to the third largest natural harbour in the world.
2,culture|food,The national dish is called 'cassava leaves' and is a savory stew made from the leaves of the cassava plant.
3,economy|history,"Diamond mining is a major industry, with one of the largest diamonds in the world, the 'Star of Sierra Leone', being found here."
4,culture|history,"It has a unique cultural heritage, with the Krio people descended from freed African American, West Indian, and Liberated African slaves."
5,history|language,The name of this country means 'Lion Mountains' in Portuguese.
6,nature|wildlife,"It hosts the Tiwai Island Wildlife Sanctuary, known for its rich biodiversity, including over 135 species of birds and 11 species of primates."
7,conservation|wildlife,The Chimpanzee Conservation Sanctuary is a notable effort to protect and rehabilitate orphaned and rescued chimpanzees.
8,history,"Bunce Island was a significant site during the transatlantic slave trade, serving as a trading post for enslaved people."
9,nature|conservation,"The Gola Rainforest National Park is recognized as a biodiversity hotspot, particularly for birds endemic to the region."
10,culture|sports,"The traditional sport of this country is football, with passionate local leagues and a national team known as the 'Leone Stars'."
11,history,"It celebrated its independence from British colonial rule on April 27, 1961."
12,culture|history,"The Cotton Tree is an iconic national symbol, representing freedom and endurance."
13,culture|music,"This country is known for its vibrant traditional music and dance, deeply rooted in ethnic and cultural rituals."
14,economy|geography,"It is part of the 'Mano River Union', aimed at fostering economic cooperation between this country and its neighbors."
15,nature|wildlife,The Sherbro Island is famed for its pristine beaches and as a nesting ground for sea turtles.
16,history|culture,"Freetown, the capital city, was founded as a home for repatriated slaves in the 18th century."
17,culture|language,"The Mende and Temne are the largest ethnic groups, each with their own unique languages and traditions."
18,culture|language,"It has a significant role in the history of the Creole people, who have their own unique pidgin English."
19,culture|travel,Rogbonko Village Retreat is known for offering an immersive experience into traditional village life.
20,geography|nature,The country's landscapes range from white-sand beaches along the Atlantic Ocean to dense tropical rainforests inland.
