1,history,"This country is one of the world's oldest republics, having been founded in 301 AD."
2,culture,It has more vehicles than people.
3,geography,"This country is the third smallest country in Europe, after the Vatican and Monaco."
4,culture|history,It is home to three towers located on the three peaks of Monte Titano.
5,culture|sports,This country participates in the Olympics under its own flag since 1960.
6,economy,It has one of the highest GDP per capita in the world.
7,history|culture,The official founding of this country is attributed to a Christian stonemason named Marinus.
8,culture,"This country issues its own stamps, which are highly sought after by collectors."
9,history|culture,It has a tradition of crossbowmanship that dates back to the Middle Ages.
10,geography,This country is entirely landlocked by Italy.
11,culture|history,"It has a museum dedicated to curious objects, including a vampire killing kit."
12,culture|food,"The country's traditional dish is Torta Tre Monti, a cake symbolizing the Three Towers of San Marino."
13,culture,This country has one of the smallest armies in the world.
14,nature|travel,It offers breathtaking views from the top of Monte Titano.
15,culture|history,The Great and General Council is elected every five years and serves as its parliament.
16,history,This country remained neutral during both World War I and World War II.
17,culture|history,"It has a unique festival where medieval traditions, including crossbow competitions, are celebrated."
18,culture|religion,"The Basilica di San Marino, dedicated to its founder, houses relics of the saint."
19,economy|geography,This country is not a member of the European Union but uses the euro as its currency.
20,culture|history|travel,"It has a network of nine historic fortresses and castles, most of which are open to the public."
