1,culture,"This country is known for its tradition of 'teranga', a Wolof word meaning hospitality, which is a cornerstone of its culture."
2,nature,"The Pink Lake, also known as Lake Retba, turns a striking pink color due to its high salt content and the presence of certain algae."
3,culture|sports,"This country's wrestling, 'Laamb', is not just a sport but a profound cultural expression, featuring elaborate rituals and ceremonies."
4,history|culture,"The Stone Circles of Senegambia, spread across this country and its neighbor, are mysterious megaliths dating back over 1,200 years."
5,culture,"In this country, tea is prepared in a ceremonial manner known as 'ataaya', involving three rounds, each symbolizing a different aspect of life."
6,history|culture,"Gorée Island, a UNESCO World Heritage site, is a poignant reminder of the Atlantic slave trade, attracting visitors interested in the history of human rights."
7,culture|religion,"The Great Mosque of Touba is one of the largest mosques in Africa and a spiritual center for the Mouride brotherhood, a Sufi Islamic order founded in this country."
8,sports,"The annual Dakar Rally, originally starting in Paris and finishing in Dakar, is one of the most challenging off-road endurance events in the world."
9,culture,"This country's cuisine is known for its rich flavors, notably the national dish 'thieboudienne', a flavorful fish and rice meal."
10,nature,"The Bandia Reserve offers a glimpse into Africa's wildlife, where you can see rhinos, giraffes, and various antelope species in their natural habitat."
11,culture|nature,"The Casamance region is known for its distinct cultural identity and lush landscapes, differing significantly from the rest of the country."
12,culture,"The Fesman, or the World Festival of Black Arts, is one of the largest gatherings celebrating black culture and arts, hosted in this country."
13,culture|religion,"Joal-Fadiouth, a village built entirely on shells, is known for its unique cemetery where Muslims, Christians, and animists are buried side by side, symbolizing religious tolerance."
14,culture,"The tradition of storytelling, or 'griot', plays a vital role in preserving the history and culture, with griots serving as living libraries."
15,culture,"Saint-Louis, a city in this country, is famed for its colonial architecture and annual jazz festival, attracting music lovers worldwide."
16,geography,"This country is the westernmost point in mainland Africa, marked by the Cap-Vert peninsula."
17,nature,"The Niokolo-Koba National Park is a UNESCO World Heritage site, home to diverse wildlife including lions, leopards, and elephants."
18,culture,"The 'Simb', a lion dance ceremony, is a dramatic and colorful spectacle that involves masked dancers embodying spirits."
19,history,The Island of Saint-Louis is renowned for its historical significance in the development of this country during the colonial period.
20,culture,"Mbalax, a type of dance music that originated in this country, combines traditional percussion rhythms with modern electronic instruments."
