1,culture,"This country is known as the 'Nation of Poets' due to its rich oral tradition, where poetry plays a significant role in culture and society."
2,nature,"It is the home to the longest coastline on Africa's mainland, offering stunning beaches and extensive marine resources."
3,history|culture,"The Laas Geel cave paintings, among the oldest in Africa, provide a vivid glimpse into the ancient pastoralist society of this country."
4,history,This country's ancient maritime history includes being a key player in the trade networks across the Indian Ocean.
5,culture,"The traditional dish of this country, called 'canjeero' with 'sugo suqaar', reflects its culinary culture blending African and Middle Eastern influences."
6,history,"It is the location of the ancient city of Zeila, a crucial historical port that was once part of the Horn of Africa's Islamic Sultanates."
7,culture,"The concept of 'Xeer', a traditional legal system unique to this country, predates most other legal systems and is still in practice in some areas."
8,culture|economy,"Camel milk, highly prized for its nutritional benefits, plays a significant role in the diet and economy of this country."
9,nature|history,"The frankincense and myrrh trees, sources of valuable resins since ancient times, are native to this country."
10,culture,"The Somali Yacht Club, despite its misleading name, symbolizes the enduring sense of humor and resilience among the people of this country."
11,nature|history,"This country's coastline is pivotal for the seasonal monsoon winds that historically facilitated trade between Africa, the Middle East, and Asia."
12,nature,"The Danakil Depression, one of the hottest and most alien landscapes on Earth, extends into this country, offering a unique natural wonder."
13,culture|history,"This country is the origin of the ancient script known as 'Osmanya', created to transcribe the Somali language."
14,culture|economy,"The annual migration of livestock across this country is one of the largest in the world, underscoring its pastoralist heritage."
15,nature,"The Guban desert region transitions from arid landscapes to lush acacia savannahs, showcasing the country's diverse ecosystems."
16,culture,"In this country, the practice of storytelling under the stars is a cherished tradition, linking generations and preserving oral histories."
17,economy,"It has an innovative telecommunications sector, surprisingly making it one of the most technologically connected countries in its region."
18,culture|economy,"The traditional Somali dhow, an ancient boat design, is still used today for fishing and transport along its expansive coastline."
19,culture|history,"This country's unique architecture includes the influence of Islamic, colonial, and modernist styles, particularly visible in its historical buildings."
20,culture,"The nomadic lifestyle is deeply ingrained in the culture of this country, with many people still living in portable, tent-like dwellings called 'Aqal'."
