1,geography|demographics,This country is the smallest sovereign state in South America in terms of area and population.
2,culture|language,"Dutch is the official language, making it the only country in South America where Dutch is spoken by the majority of the population."
3,nature|environment,Over 90% of this country's land area is covered by dense tropical rainforest.
4,nature|conservation,"It is home to the Central Suriname Nature Reserve, one of the largest protected areas of rainforest in the world."
5,culture|society,"This country celebrates a unique fusion of African, Indian, European, and indigenous cultures."
6,history|culture,The Maroon communities here are descendants of African slaves who escaped from plantations and formed their own societies in the 17th and 18th centuries.
7,culture|religion,"Diwali, the Hindu festival of lights, is a national holiday, reflecting its significant East Indian community."
8,culture|food,"The traditional dish, Pom, originates from this country and is made from taro root and chicken."
9,culture|language,"Javanese, Chinese, Hindustani, and several indigenous languages are also widely spoken, showcasing its cultural diversity."
10,nature|tourism,"The Blanche Marie Falls are among the most spectacular waterfalls in this country, located deep within the rainforest."
11,history|architecture,"The historic inner city of its capital is a UNESCO World Heritage Site, known for its unique Dutch colonial architecture."
12,nature|biodiversity,"This country has one of the highest biodiversity rates in the world, with numerous species of birds, reptiles, and amphibians."
13,culture|language,"Saramaccaans, a Creole language spoken by the Maroon population, is a testament to the country's complex colonial history and African heritage."
14,economy|industry,"Its economy is strongly influenced by the mining of bauxite, which has been a major industry since the 20th century."
15,culture|music,The annual Suriname Jazz Festival attracts international artists and showcases its diverse musical heritage.
16,culture|religion,"This country is a melting pot of religions, with Hinduism, Islam, Christianity, and various indigenous beliefs coexisting peacefully."
17,economy|currency,"The Surinamese dollar is the currency, which replaced the Surinamese guilder in 2004."
18,culture|architecture,"Paramaribo, its capital, is often referred to as the 'Wooden City' due to its many timber houses."
19,nature|conservation,"Galibi Coppename Nature Reserve is renowned for its nesting beaches for sea turtles, including the giant leatherback."
20,history|culture,"The country's Independence Day is celebrated on November 25, marking its independence from Dutch colonial rule."
