1,history,This country became the world's newest nation in 2011.
2,nature,"It is home to one of the largest migrations in the world, the movement of more than a million antelopes."
3,nature,"The Sudd, a vast swamp, is one of the largest wetlands in the world."
4,culture,More than 60 languages are spoken in this country.
5,culture|sports,Wrestling is a popular traditional sport among several tribes.
6,culture,"The country's flag features a black stripe representing its people, along with red, green, and blue, which symbolize blood, land, and waters of the Nile, respectively."
7,nature,"It is predominantly made up of tropical rainforest, swamps, and grassland habitat."
8,culture,The majority of its population relies on subsistence agriculture.
9,nature,It hosts the second largest wildlife migration in the world.
10,culture|economy,"Cattle play a central role in the culture and economy, serving as currency, livelihood, and status symbols."
11,economy,"The country is rich in oil, but its economy faces many challenges."
12,history|nature,"Jebel Barkal, a small mountain in the region, has been a UNESCO World Heritage Site since 2003."
13,travel,"This nation is one of the least visited countries in the world, offering untouched natural beauty."
14,culture,Marriage ceremonies are elaborate affairs that can last several days.
15,demographics,"It has one of the youngest populations in the world, with more than half under the age of 18."
16,nature,"The White Nile, one of the Nile River's two main tributaries, flows through the country."
17,culture,Music and dance are integral to the cultural ceremonies and traditions.
18,culture|architecture,Traditional huts known as 'tukuls' dot the rural landscape.
19,nature,"It is part of the East African Rift system, affecting its geography and causing periodic earthquakes."
20,nature|economy,The annual flooding of the Nile is vital for the agricultural practices in some regions.
