1,geography|demographics,This country is the smallest in Africa in terms of population.
2,culture|economy,It is known as the 'Chocolate Island' due to its production of high-quality cocoa.
3,nature|wildlife,"The national bird is the Dwarf Olive Ibis, which is endemic to the island."
4,history|economy,"It was the first African country to cultivate coffee, introduced by the Portuguese in the 19th century."
5,culture|food,"This country's cuisine features a dish called 'Calulu', a stew of fish, vegetables, and spices."
6,nature|travel,"It is home to the Obo National Park, known for its rich biodiversity and unique ecosystems."
7,nature|wildlife,"Jalé Beach is a nesting ground for sea turtles, attracting conservationists and tourists alike."
8,culture|history,"The São Sebastião Museum, housed in a colonial fortress, displays artifacts of the country's colonial past."
9,culture|history,"This country celebrates Independence Day on July 12, marking its independence from Portuguese rule in 1975."
10,nature|travel,"Mount Pico Cão Grande, a needle-shaped volcanic plug, is a challenging climb for adventurers."
11,culture|music,"It has a unique musical genre called 'Tchiloli', a dramatic form of storytelling that combines music, dance, and theatre."
12,travel|luxury,The Bom Bom Island Resort is a secluded paradise for visitors seeking luxury amidst nature.
13,economy|travel,"Coffee and cocoa plantations offer agro-tourism experiences, showcasing the country's agricultural heritage."
14,nature|biodiversity,"It is part of the Gulf of Guinea's biodiversity hotspot, hosting several endemic species."
15,culture|lifestyle,The traditional 'Leve leve' lifestyle promotes a slow and easy approach to daily life.
16,nature|sports,This country's waters are renowned for being one of the best spots in the world for big-game fishing.
17,nature|travel,The Blue Lagoon on Príncipe Island is famed for its stunning blue waters and tranquil atmosphere.
18,geography|travel,"Rolas Island, located exactly on the equator, offers a unique geographical landmark for visitors."
19,demographics|education,It has a remarkably high literacy rate compared to many countries of similar economic status.
20,culture|architecture,The archipelago's architecture features a blend of colonial Portuguese styles and traditional African influences.
