1,geography|population,"This country is the smallest in Central America, but the most densely populated."
2,nature|culture,"The national bird of this country is the torogoz, known for its vibrant colors and distinctive tail feathers."
3,history|nature|industry,"It's known for its indigo plants, which were a major source of blue dye for textiles in ancient times."
4,geography|nature,"Despite its small size, it boasts 23 volcanoes."
5,history|archeology,"The Mayan ruins of Tazumal, located in this country, contain a pyramid that goes back to 100 A.D."
6,peace|society,This country is one of the only few in the world that doesn't have any active military forces.
7,culture|art,"It has a 'Puppet Town', Suchitoto, which has a tradition of puppet-making and puppet performances."
8,nature|travel|culture,"The 'Route of Flowers', replete with orchids, lilies, and marigolds, guides travelers through coffee plantations and cozy villages."
9,history|UNESCO|culture,"In this country, you can find Joya de Ceren — a UNESCO World Heritage site often dubbed the 'Pompeii of the Americas'."
10,society,"This country leads the world in per capita murder rate, but it is not a war zone."
11,music|culture,"Traditional music of this country is greatly influenced by Mayan, Pipil, and Spanish cultures."
12,literature|culture,"It is the birthplace of poet Roque Dalton, one of Latin America's most compelling literary voices."
13,food|culture,"This country is known for its rich cuisine, including pupusas - thick corn tortillas stuffed with a variety of fillings."
14,nature|animals,"Despite being a tropical country, it doesn't house any native species of big cats, such as pumas or jaguars."
15,history|art,An impressive collection of pre-Columbian era art can be found in this country's national museum.
16,history|peace,"Monsignor Óscar Romero, a prominent advocate for peace and social justice, hailed from this country."
17,festival|culture,"This country plays host to the largest carnival celebration in Central America, named Carnaval de San Miguel."
18,culture|crafts,"Many of its rural areas are known for their traditional artisanal crafts, such as potteries and textiles."
19,food|culture,"The people of this country enjoy a traditional chocolate drink, made with cacao beans, cinnamon, and sugar, often served at breakfast."
20,language|society,"A significant part of this country's population is bilingual, speaking both Spanish and English."
