1,culture|history|travel,"This country is home to six UNESCO World Heritage sites, including the ancient cities of Damascus, Aleppo, and Palmyra."
2,history|culture,One of the oldest continuously inhabited cities in the world is located in this country.
3,culture|history|religion,"The Umayyad Mosque, one of the largest and oldest mosques in the world, is found in this country's capital."
4,history|culture|language,"This country is considered the birthplace of the alphabet, thanks to the Ugaritic script discovered at Ras Shamra."
5,nature|geography,"It has a desert with unique stone formations, known as the Syrian Desert."
6,history|culture|language,"The ancient city of Ebla, within this country, once housed a vast archive of around 20,000 clay tablets, written in a previously unknown language."
7,history|travel|architecture,"Krak des Chevaliers, a Crusader castle in this country, is among the best-preserved examples of medieval military architecture."
8,culture|food,"This country's cuisine is known for its diversity and includes dishes such as kibbeh, tabbouleh, and baklava."
9,culture|food,"A traditional drink from this country is arak, often consumed with meze."
10,history|culture|food,The ancient Sumerians from this region are credited with the creation of the world's first beer.
11,culture|language|history,"Maaloula, a town in this country, is one of the last places where Western Aramaic, the language of Jesus, is still spoken."
12,history|travel|architecture,"The Dead Cities, a series of abandoned settlements in this country, offer a glimpse into rural life from the 1st to the 7th centuries."
13,culture|games,This country is one of the few places where the game of backgammon is still widely played in cafes and parks.
14,history|culture,"Saladin, a famous Muslim leader who fought against the Crusaders, was born in Tikrit, but is closely associated with this country due to his significant impact and the Citadel of Aleppo."
15,nature|culture,"The Rose of Damascus, renowned worldwide, originates from this country."
16,economy|food,It is one of the leading producers of olive oil in the Middle East.
17,history|geography,"The Tell Brak, one of the world's largest ancient mounds, is located in this country and dates back to the 5th millennium BC."
18,culture|nature,Jasmine is considered the national flower of this country.
19,history|culture|technology,"The Norias of Hama, gigantic water wheels, are a striking ancient invention for irrigation still admired today."
20,culture|food,"A popular dessert from this country is Halawet el Jibn, a sweet cheese dessert rolled with cream and pistachios."
