1,culture|history,"This country is one of the last absolute monarchies in the world, with the king having executive and legislative powers."
2,culture,"In this country, traditional culture is strongly preserved and is a part of everyday life."
3,culture|traditions,Reed Dance is an annual traditional ritual where thousands of unmarried girls showcase their purity and unity.
4,nature,The Hlane Royal National Park in this country is home to the largest herds of game in the kingdom.
5,nature,"The Malolotja Nature Reserve in this country offers incredible views, including the Malolotja Falls."
6,geography,"It is a country which does not have any coastline, completely landlocked by South Africa and Mozambique."
7,geography|nature,"In this country, you would find the largest granite outcrop in the entire world, Sibebe Rock."
8,culture|art,"This country is world renowned for their handicrafts, particularly their woven baskets and beadwork."
9,culture|festivals,Umhlanga festival in this country is attended by tens of thousands every year.
10,food|culture,A popular traditional dish in this country is emasi etinkhobe temmbila (ground maize mixed with sour milk).
11,language|culture,"In this country's language, the phrase 'yakoko', meaning literally 'let’s go slow’, is used to indicate the nation's relaxed approach to life."
12,history|culture,"This country is home to the world's oldest mine, the Lion Cavern, which was used about 43,000 years ago."
13,culture|travel,"Mantenga Cultural Village offers visitors a glimpse into traditional Swazi lifestyle, including folklore music and dance."
14,nature|travel,"Wildlife watching is a popular activity in this country, with possibilities to see elephants, rhinos and various bird species."
15,culture|traditions,An interesting tradition in this country is that birthdays are not commonly celebrated here.
16,culture|food,"The national drink of the country is marula, a fruity brew made from the indigenous marula fruit."
17,culture|festivals,"This country hosts the esteemed Bushfire festival, which is a music and performing arts festival."
18,culture|games,"This country has its own unique board game similar to chess, called Morabaraba."
19,culture|art,Swazi people in this country use over 100 different beadwork designs to send coded messages.
20,culture|architecture,"The majority of the population in this country still live in traditional huts made of clay, stone and thatched grass roofs."
