1,geography,"This country is landlocked, surrounded by Libya to the north, Sudan to the east, Cameroon and Nigeria to the south, and Niger to the west."
2,geography|nature,"Geographically, it houses both the arid Sahara Desert in the north and the fertile Savannah in the south."
3,nature|economy,The Lake of this country is one of the largest and shallowest lakes in Africa and a source for fishing and irrigation.
4,culture|language,The name of this country means 'lake' in the local language.
5,nature|wildlife,"Ten percent of this country's landscape is protected within seven national parks, which are home to a wide variety of wildlife."
6,culture|language,This country is home to over 200 different ethnic and linguistic groups.
7,culture|demographics,"The Sara people make up 27.7% of this country's population, making them the largest ethnic group."
8,geography|nature,"This country's highest peak is Emi Koussi, a shield volcano located in the Sahara's Tibesti Range."
9,geography|nature,"Chari and Logone are the country's largest rivers, which mostly flow southwards."
10,culture|history,"This nation owns a rich tradition of oral literature, including stories, songs, and proverbs."
11,culture|language,The two official languages of this country are Arabic and French.
12,culture|food,"The cuisine of this country includes a variety of staple foods found across the country, including millet, sorghum, okra, goat meat, and fish."
13,history|travel,"The ancient city of Sedeinga, known for its necropolis with hundreds of tombs and pyramids, is located in this country."
14,culture,"Aoulou Society is found in this country, it is well known for their aggressive initiation rituals into adult society."
15,history|culture,"The origins of the prestigious Sao civilization is traced back to this country, dating back to as far as the sixth century BC."
16,demographics,"This country has one of the highest birth rates on the continent, with an average of 6 children per woman."
17,economy|culture,"In this country, farming and animal rearing are the main economic activities."
18,demographics|geography,This nation accommodates one of the largest refugee populations in Africa due to its strategic location.
19,nature|travel,"Built on an extinct volcano, the Zakouma National Park in this country is a premier destination for African wildlife."
20,culture|events,"The Gerewol festival, a traditional Wodaabe charm competition, is one of the biggest cultural events in this country."
