1,culture|religion,"This country is known for its traditional Voodoo practices, which are a significant aspect of its cultural heritage."
2,nature|geography,"It has a unique landscape feature called the Togo Mountains, which stretch across much of the country."
3,economy|agriculture,Coffee and cocoa are among the main agricultural exports of this country.
4,culture|history|architecture,"The Koutammakou landscape in this country is a UNESCO World Heritage site, famous for its mud tower-houses."
5,culture|religion,"This country celebrates the Festival of the Traditional Religions, highlighting its diverse spiritual practices."
6,culture|economy,"Lomé, the largest city, is known for its vibrant markets and colonial architecture, though the name of the city is not indicative of the entire country's culture."
7,culture|food,"The national dish, Akume and Okra soup, reflects the agricultural diversity and culinary traditions."
8,culture|sports,"Wrestling is a popular sport, often reflecting traditional cultural practices."
9,geography|society,"It is one of the smallest countries in Africa, but it boasts a wide variety of ethnic groups."
10,culture|festivals,"The Woezon festival celebrates the end of the rainy season with music, dance, and traditional ceremonies."
11,nature|tourism,Lac Togo is a popular spot for bird watching and traditional pirogue canoeing.
12,history|culture,"The country's independence monument is a symbol of freedom and pride, featuring a flame that is ceremonially rekindled."
13,history|religion,"Togoville, a historic town, played a significant role in the colonial era and is a pilgrimage site for both Voodoo and Catholic followers."
14,nature|tourism,"Mount Agou is the highest point, offering breathtaking views and hiking opportunities."
15,economy|culture,"The Limousine fabric, a brightly colored textile, is a significant export and a symbol of national identity."
16,culture|food,"Palm wine, made from the sap of palm trees, is a traditional and popular drink."
17,culture|history,"The country's flag features five colors, each with symbolic meaning, including peace, blood, fertility, fidelity, and hope."
18,geography|nature,"It is part of the Dahomey Gap, a region of dry forest and savannah that separates the more humid forests of West Africa."
19,nature|tourism,The Sarakawa National Park offers a glimpse into the country's wildlife and natural beauty.
20,culture|music,"Traditional music and dance play a pivotal role in ceremonies and festivals, with the talking drum being a distinctive instrument."
