1,history,This country is the only Southeast Asian nation that was never colonized by European powers.
2,nature|wildlife,"The world's smallest mammal, the bumblebee bat, is found in this country."
3,culture|geography,It is home to the city known as the 'Venice of the East' due to its many canals.
4,culture|festivals,"This country celebrates a Water Festival, also known as Songkran, marking the traditional New Year."
5,nature|tourism,"It has more than 1,430 islands, including a famous one featured in the movie 'The Beach'."
6,culture|religion,The world's largest gold Buddha statue is located here.
7,culture|festivals,There's a festival dedicated to monkeys in Lopburi where they are fed a buffet of fruits and vegetables.
8,culture|food,This nation's culinary tradition includes a dish that translates to 'green chicken curry'.
9,architecture|modern,"In this country, you can find a building inspired by a robot in its capital city."
10,economy|agriculture,It is the world's leading exporter of rice.
11,culture|traditions,"The traditional greeting, known as the 'wai', involves a slight bow with the palms pressed together."
12,culture|history,"This country's flag symbolizes nation-religion-king, very central to its societal values."
13,tourism|modern ruins,"Ghost Tower, an unfinished skyscraper, has become an unofficial tourist attraction in its capital."
14,culture|food,"This country is known for its vibrant street food culture, offering dishes like pad thai and mango sticky rice."
15,culture|religion,"There are over 40,000 Buddhist temples in this country."
16,culture|wildlife,It has a village where almost every house has an elephant.
17,nature|wildlife,"The world's largest fish, the whale shark, can be spotted in the waters around this country."
18,culture|transport,"Tuk-tuks, a popular form of local transport, were originally named after the sound their engine makes."
19,culture|mythology,This country's national emblem features a mythical bird known as the Garuda.
20,culture|food,"Durian, considered the 'king of fruits', is both loved and loathed for its strong odor but is widely eaten here."
