1,nature|geography,"This country is home to the Pamir Mountains, which are often called the 'Roof of the World'."
2,culture|fashion,"The traditional hat, known as a 'Tubeteika', is a common part of national dress here."
3,history|trade,"The ancient Silk Road passed through this country, making it a crucial part of historical trade routes."
4,geography,This country is the smallest nation in Central Asia by area.
5,culture|language,"The national language is an Indo-European language, despite being in a region dominated by Turkic languages."
6,nature|geography,More than 90% of this country's territory is mountainous.
7,culture|food,"This country's national dish is 'Plov', a rice dish that is popular across Central Asia."
8,nature|history,"Iskanderkul, a turquoise lake, is named after Alexander the Great and is a stunning natural attraction."
9,history|culture,"The ancient city of Sarazm, which dates back to the 4th millennium BCE, is a UNESCO World Heritage Site."
10,nature|economy,"This country is one of the world's leading producers of hydroelectric power, thanks to its mountainous terrain."
11,nature|geography,"The Zeravshan Range, which translates to 'Gold Bearing', is famed for its beautiful landscapes and trails."
12,technology|geography,"Nurek Dam, one of the tallest dams in the world, is located in this country."
13,culture|sports,"The traditional sport of Buzkashi, which involves horse-mounted players attempting to place a goat carcass in a goal, is popular here."
14,culture|festivals,"Navruz, the Persian New Year, is celebrated here with feasts, music, and traditional games."
15,culture|symbols,"The country's flag features a crown and seven stars, symbolizing the unity and the high aspirations of the people."
16,nature|adventure,The Fann Mountains offer some of the best trekking opportunities in Central Asia.
17,nature|conservation,"This country has a national park that is more than 2.6 million hectares, making it one of the largest protected areas in Central Asia."
18,geography|history,"The Wakhan Corridor, a narrow strip of territory in this country, has been an important trade route throughout history."
19,history|language,"Sogdian, an ancient language of this region, played a crucial role in the development of the Silk Road."
20,culture|history,"This country celebrates Independence Day on September 9th, marking its separation from the Soviet Union."
