1,history,This country is the first new sovereign state of the 21st century.
2,culture|economy,"Coffee is a major export of this country, with its beans enjoyed worldwide."
3,culture|places to visit,The Cristo Rei of Dili is a towering statue that offers panoramic views of the surrounding area.
4,culture|language,"This country is home to the unique linguistic phenomenon, with over 15 languages spoken despite its small size."
5,culture|history,"Tais cloth is a traditional textile in this country, often used in ceremonies and as a symbol of cultural identity."
6,nature|places to visit,"The Nino Konis Santana National Park is a haven for biodiversity, including many endemic species."
7,history,This country was the first to gain independence in the 21st century.
8,nature|places to visit,Atauro Island is known for having some of the most biodiverse waters in the world.
9,culture|history,"The traditional houses, or Uma Lulik, are considered sacred in this country's culture."
10,nature|places to visit,"Mount Ramelau is the highest point in this country, offering challenging treks and stunning sunrise views."
11,culture|history,The annual Festival of Santa Cruz commemorates a significant event in this country's recent history with a mix of solemnity and celebration.
12,nature|culture,"Iralalaro Lake is a remote natural wonder, known for its untouched beauty and significance in local folklore."
13,history|economy,"This country is known for its significant sandalwood resources, once highly prized by colonial powers."
14,nature|places to visit,The Baucau Caves offer an adventurous spelunking experience for those interested in exploring underground landscapes.
15,culture|history,The sacred house of Lospalos is renowned for its intricate designs and cultural significance.
16,culture|food,"This country's cuisine is a blend of indigenous, Portuguese, and Southeast Asian influences, featuring a lot of seafood and spicy flavors."
17,history|culture,The resistance museum in this country offers insights into the struggle for independence and the resilience of its people.
18,nature|places to visit,"Jaco Island, considered sacred, remains uninhabited and is a pristine paradise for visitors."
19,culture|history,"The martial art of Krise, unique to this country, is a symbol of resistance and national identity."
20,nature|places to visit,"Diving in the waters around Atauro Island offers encounters with a vast array of marine life, including dolphins and whales."
