1,economy|nature,"This country is one of the world's largest producers of cotton, but it's also known for its unique golden wheat fields."
2,nature|places to visit,"The Karakum Desert covers about 70% of this country, featuring the Darvaza Gas Crater, also known as the 'Door to Hell'."
3,culture|history,"This country has a horse breed, the Akhal-Teke, known for its metallic sheen, considered one of the most beautiful and oldest breeds in the world."
4,culture|celebrations,"Independence Day in this country is celebrated with great enthusiasm, featuring horse races, traditional music, and dance performances."
5,architecture|records,"The capital city of this country is known for its distinctive white marble buildings, earning it a place in the Guinness World Records."
6,culture|history,"This country's traditional carpet-making is a UNESCO Intangible Cultural Heritage, reflecting ancient practices and symbolism."
7,culture|food,"Melons are a significant part of the diet in this country, with a special holiday dedicated to celebrating this fruit."
8,history|places to visit,"The ancient city of Merv in this country is a UNESCO World Heritage site, once one of the great cities of the Islamic world."
9,unique|places to visit,"This country is home to the world's only indoor Ferris wheel, located inside a shopping mall."
10,culture|celebrations,"The people of this country celebrate a traditional festival called Nowruz, marking the spring equinox and the Persian New Year."
11,culture|food,"This country's cuisine features a unique dish called 'plov', a hearty meal of rice, meat, and vegetables, often cooked in a special occasion."
12,nature|places to visit,"The Gates of Hell, a natural gas field collapsed into a massive crater, has been burning continuously since it was lit in 1971."
13,nature|unique,"This country is one of the few places in the world where you can witness the rare phenomenon of the 'singing dunes', caused by the movement of sand."
14,history|places to visit,"The National Museum in this country holds a large collection of artifacts related to its history, including items from the Silk Road era."
15,culture|celebrations,"Wedding celebrations in this country can be large and elaborate, with festivities often lasting several days."
16,culture|history,"Yomut carpets, known for their distinctive red and black designs, are highly prized and a symbol of this country's rich cultural heritage."
17,culture|history,"The tradition of falconry, passed down through generations, is still practiced in some parts of this country."
18,economy|nature,"This country ranks among the top in the world for natural gas reserves, significantly influencing its economy."
19,culture|food,"In this country, it's traditional to drink green tea in small bowls, often accompanied by dried fruits and sweets."
20,architecture|history,"The Neutrality Monument in the capital city symbolizes this country's official policy of neutrality, recognized by the United Nations."
