1,geography,This country is known for having the northernmost point in Africa.
2,culture|architecture,The traditional blue doors and white walls of its buildings are iconic and symbolize peace and tranquility.
3,history|culture,It is home to one of the oldest continuously inhabited cities in the world.
4,culture|food,"The national dish, couscous, is a staple food that has been passed down through generations."
5,culture|movies,This country was the filming location for the iconic desert planet scenes in a famous space saga.
6,nature,It has a lake that is pink in color due to the presence of algae and high salt concentration.
7,history|culture,"The ancient city of Carthage, a UNESCO World Heritage Site, is located here."
8,culture|society,"It is the only country in its region to have a holiday dedicated to women, celebrated in August."
9,nature|animals,"The national animal, the Barbary lion, is considered extinct in the wild."
10,economy|food,"This country has a significant olive oil industry, ranking among the top producers globally."
11,culture|fashion,"The traditional garment, the Jebba, is considered a symbol of national identity."
12,culture|history,"It boasts the world's largest mosaic museum, housing ancient and intricate designs."
13,culture|architecture,"Matmata is known for its unique underground troglodyte structures, which are still used as homes."
14,culture|society,The festival of the Sahara in Douz celebrates desert life and Bedouin traditions.
15,travel|culture,Sidi Bou Said is famed for its bohemian atmosphere and breathtaking sea views.
16,culture|art,The country produces a type of red clay pottery that is unique and highly sought after.
17,society|law,It has one of the most progressive laws in its region regarding women's rights.
18,history|architecture,The ancient amphitheater of El Jem is among the largest and best preserved Roman ruins.
19,nature|travel,"Chebika, Tamerza, and Mides form a stunning trio of mountain oases in the desert."
20,culture|nature,Jasmine is considered a symbol of love and is commonly used in local crafts and perfumes.
