1,culture|history,This country is the only remaining Polynesian monarchy in the Pacific region.
2,geography|nature,"It consists of more than 170 islands, but only 36 of them are inhabited."
3,history,"This country was never colonized, maintaining its sovereignty throughout the era of European exploration."
4,culture|sports,"Rugby is considered the national sport, with the nation having a high reputation in international competitions."
5,culture|traditions,"It is known for its unique tradition of wearing ta'ovala, a woven mat, as a sign of respect and honor."
6,nature|animals,"The Flying Fox, a type of fruit bat, is considered sacred in this country."
7,culture|education,"It has one of the highest literacy rates in the Pacific, with education highly valued in society."
8,history|places,The Ha'amonga 'a Maui is an ancient stone structure believed to be an early astronomical observatory.
9,nature|tourism,"Whale watching is a popular activity, with humpback whales migrating through its waters annually."
10,culture|festivals,"It celebrates a unique festival called Heilala Festival, marking the beginning of the new year with beauty pageants, parades, and dancing."
11,geography|history,"The country's name means 'south' in a local dialect, reflecting its position in the southern Pacific."
12,nature|tourism,It is one of the few places in the world where you can swim in the caldera of an extinct volcano.
13,culture|traditions,The tradition of feasting on a pig is considered a sign of great honor and is a key part of important celebrations.
14,demography,"It has a significant number of its population living overseas, particularly in New Zealand, Australia, and the United States."
15,history,The first European to visit was Dutch explorer Abel Tasman in 1643.
16,nature|geography,"It is known for its lush landscapes and tropical rainforests, despite its small land area."
17,nature|geography,The Tongan archipelago is a leading example of a raised coral atoll ecosystem.
18,culture|arts,"It is famous for its vibrant tapa cloth, made from the bark of the mulberry tree and decorated with traditional designs."
19,nature,The country's waters are home to one of the highest densities of coral species in the world.
20,history|places,"It has a unique royal palace made entirely of wood, which is not open to the public but is a significant landmark."
