1,geography|culture,"This country is the only one in the world that straddles two continents, Europe and Asia."
2,history|archaeology,"The world's first known human settlement is located here, dating back to the 10th millennium BC."
3,history|culture,It is home to two of the Seven Wonders of the Ancient World: the Temple of Artemis and the Mausoleum at Halicarnassus.
4,culture|food,This country's residents consume the most tea per capita in the world.
5,history|archaeology,"The world's oldest known temple, Göbekli Tepe, predating Stonehenge by 6,000 years, is found here."
6,history|culture,"Santa Claus, or St. Nicholas, was born in Patara, a city in this country."
7,history|culture,"It has a city that has been continuously inhabited for over 8,000 years, making it one of the oldest in the world."
8,history|religion,"The world's first Christian church was built on the soil of this country, in the city of Antioch."
9,history|archaeology,It has more archaeological sites than any other country in the world.
10,history|literature,The famous Trojan War took place in what is now this country.
11,culture|history,The tradition of giving flowers dates back to the Ottoman Empire in this country.
12,agriculture|economy,This country produces 70% of the world's hazelnuts.
13,history|culture,"The famous historical figure, Rumi, spent most of his life in this country and is buried here."
14,nature|travel,"It has a national park that is a UNESCO World Heritage Site, known for its mineral-rich thermal waters and travertines."
15,history|economy,The first coins ever were minted in this country around 600 BC.
16,geography|culture,The city of Istanbul is the only city in the world located on two continents.
17,culture|sports,"This country's national sport, oil wrestling, dates back to the 14th century."
18,nature|history,It is the origin of the famous fairy chimneys and underground cities of Cappadocia.
19,history|culture,"The Tulip Age, which saw the introduction and cultivation of the tulip flower, marked a period of peace and prosperity in this country."
20,culture|food,"This country has a dessert made from chicken breast called Tavuk Göğsü, dating back to the Ottoman era."
