1,culture|music,This country is the birthplace of calypso music.
2,nature|places,"The world's largest natural deposit of asphalt, the Pitch Lake, is located here."
3,culture|events,"It hosts one of the most spectacular Carnivals in the world, rivaling those of Rio de Janeiro and New Orleans."
4,nature|animals,"The national bird, the Scarlet Ibis, turns this color due to its diet of crabs and other crustaceans."
5,sports|history,"This country is the smallest nation to qualify for the FIFA World Cup, achieving this feat in 2006."
6,culture|music,"Steelpan, the only acoustic musical instrument invented in the 20th century, originated here."
7,culture|events,"The Diwali Nagar, or 'Village of the Festival of Lights', is one of the largest celebrations of Diwali outside of India."
8,nature|conservation,"Home to the oldest protected rainforest in the Western Hemisphere, the Main Ridge Forest Reserve."
9,economy|resources,"It is one of the world's leading exporters of liquefied natural gas, significantly contributing to its economy."
10,nature|animals,"The island of Little Tobago is a world-renowned bird sanctuary, attracting ornithologists and nature lovers."
11,nature|places,"The Nylon Pool is a shallow, white sand area in the sea off Tobago that looks like a swimming pool."
12,culture|literature,"The famous mystery writer, Arthur Conan Doyle, set one of his Sherlock Holmes adventures on one of its islands."
13,sports|people,"Cricket is a major sport, with Brian Lara, one of the greatest batsmen of all time, hailing from this country."
14,nature|places,"The country has a unique geological feature called the Gasparee Caves, which includes a crystal-clear underground pool."
15,culture|food,"Angostura bitters, a key ingredient in many cocktails, originated in this country."
16,culture|history,It is the only country where the holiday of Emancipation Day has been legally acknowledged and celebrated on August 1st since 1985.
17,culture|literature,The island of Tobago is said to be the inspiration for Daniel Defoe's novel 'Robinson Crusoe'.
18,nature|animals,"The Hummingbird is a significant symbol in this country, with several species native to it."
19,culture|food,"Moruga Scorpion Pepper, one of the world's hottest peppers, is grown here."
20,economy|currency,This country's version of the 'dollar' is known as the 'strongest' in the Caribbean based on its value against the US dollar.
