1,travel|geography,This country is among the smallest and least visited countries in the world.
2,technology|culture,"The domain name .tv, a popular top-level domain for television and media, originates from this country."
3,environment|geography,"Rising sea levels pose a significant threat to its existence, making it a key player in global discussions on climate change."
4,culture|history,"Local folklore includes tales of ancestral spirits and giants, weaving a rich tapestry of mythology."
5,culture|geography,"Its flag features a map showing nine stars, representing each of the country's islands."
6,culture|society,"Traditional community halls, known as maneapa, serve as cultural and social hubs for local communities."
7,culture|food,"The country's cuisine is heavily influenced by the ocean, with seafood being a staple in the local diet."
8,history,"It became fully independent from the United Kingdom in 1978, marking a significant moment in its history."
9,nature|travel,"Fatuana is an uninhabited island, offering pristine natural beauty and is a significant bird sanctuary."
10,nature|environment,"The Funafuti Conservation Area offers a unique glimpse into diverse marine ecosystems, including sea turtles and tropical fish."
11,culture|sports,"Te Ano, the traditional ball game, is an important cultural activity, reflecting the community's social values."
12,geography,"Its highest point is only 4.6 meters above sea level, making it one of the flattest countries in the world."
13,economy,"The Tuvalu Trust Fund, established in 1987, is a crucial financial arrangement for the country's economic stability."
14,culture|music,"Traditional music and dance play a vital role in celebrations and ceremonies, often accompanied by the fatele."
15,culture|environment,The country's isolation has preserved a way of life that is deeply connected to the ocean and its cycles.
16,culture|economy,Handicrafts such as weaving and shell jewelry are significant aspects of local craftsmanship and economy.
17,culture|economy,"The Philatelic Bureau issues stamps, which are highly sought after by collectors worldwide."
18,education|geography,"Vaitupu, the largest atoll, is known for its educational institution, which is pivotal for the nation's youth."
19,society|culture,"The concept of kaupule, a traditional form of local government, plays a central role in community decision-making."
20,culture|festival,"Celebrations such as the Teuila Festival showcase the country's rich cultural heritage through music, dance, and traditional crafts."
