1,nature|geography,"This country is home to Mount Kilimanjaro, the highest peak in Africa."
2,history|archaeology,The ancient human skull estimated to be about 2 million years old was discovered in Olduvai Gorge within this country.
3,history,This country shares its name with the union of two states in 1964.
4,nature|wildlife,"It hosts the Great Migration, where millions of wildebeest and zebras move across its northern plains."
5,culture|geography|travel,"Zanzibar, part of this country, is known for its beautiful beaches and the historic Stone Town."
6,nature|geography,"The world's largest intact volcanic caldera, Ngorongoro Crater, offers unparalleled wildlife viewing in this country."
7,culture|art,"Makonde carving, a traditional form of art, originates from this country, showcasing intricate designs on wood."
8,geography|economy,"This country is one of the few in the world where you can find gemstones like tanzanite, only available in a small northern region."
9,culture|people,"The Maasai, a semi-nomadic people known for their distinctive customs and dress, reside in this country."
10,travel|wildlife,It is one of the best places in the world to experience a safari due to its extensive national parks and wildlife.
11,culture|people,"The Hadzabe tribe, one of the last hunter-gatherer societies in the world, lives in this country."
12,culture|language,"The country's national language is Swahili, which is also spoken in several other African countries."
13,history|economy,Ujamaa was a form of African socialism that shaped this country's policies in the 20th century.
14,geography|nature,"Lake Victoria, the world's second-largest freshwater lake, is partially located in this country."
15,culture|music,"Freddie Mercury, the legendary lead singer of Queen, was born in Zanzibar, which is part of this country."
16,nature|geography,"It has a unique rainforest, the Usambara Mountains, which are believed to be among the oldest in the world."
17,culture|cinema,"This country was the setting for the famous movie 'Out of Africa,' which showcases its stunning landscapes."
18,economy|agriculture,"Coffee and cloves are among the main exports, with Zanzibar being historically known as the Spice Island."
19,travel|wildlife,"The Serengeti National Park, known for its vast plains and abundant wildlife, is a UNESCO World Heritage Site in this country."
20,culture|people,It is estimated that there are over 120 different ethnic groups living within this country.
