1,culture|records,"This country is home to the deepest metro station in the world, located 105.5 meters below the surface."
2,history|architecture,"One of the largest and oldest castles in Eastern Europe, dating back to the 14th century, can be found here."
3,culture|traditions,This nation is the birthplace of the famous Easter egg decoration technique known as pysanka.
4,economy|agriculture,"It has one of the largest agricultural sectors in Europe, being a top producer of sunflower oil."
5,geography|records,"The geographical center of Europe is located within this country's borders, as determined by various calculations."
6,culture|records,"This country is home to the world's third-longest music instrument, the Trembita, a type of alpine horn."
7,nature|tourism,"It boasts the Tunnel of Love, a natural railway surrounded by green arches, popular among lovers and photographers."
8,history|culture,The world's first constitution was introduced by a Cossack Hetman from this nation in the 18th century.
9,culture|cuisine,"This nation's traditional dish, borsch, is a beet soup known worldwide and varies in preparation across the country."
10,economy|natural resources,"It has one of the world's largest reserves of manganese ore, located in the Nikopol basin."
11,nature|tourism,"The Carpathian Mountains in this country are one of the longest mountain ranges in Europe, offering breathtaking landscapes and skiing resorts."
12,geography|health,"This country is recognized for having the most salubrious climate in the world, according to UNESCO."
13,records|technology,"It is the site of the world's largest plane, the Antonov An-225 Mriya, which was designed and built there."
14,culture|events,"The city of Lviv, known as the cultural capital, hosts an annual coffee festival celebrating its vibrant café culture."
15,nature|geography,"This country has a unique desert, Oleshky Sands, the largest of its kind in Europe."
16,culture|traditions,"It is known for its rich folk traditions, including wearing vyshyvankas, embroidered shirts with symbolic meanings."
17,culture|architecture,The L'viv Theatre of Opera and Ballet is an architectural masterpiece and one of the most beautiful opera houses in Europe.
18,history|tourism,"The city of Chernobyl and its exclusion zone have become an unexpected tourist destination, offering tours to explore the aftermath of the nuclear disaster."
19,history|technology,"This country introduced the world's first tram, which was horse-drawn, in one of its major cities in the 19th century."
20,culture|records,"It is home to the world's second-largest collection of miniature books, housed in the state library."
