1,nature|history,"This country is known as the 'Pearl of Africa', a title attributed to it by Winston Churchill due to its vast biodiversity and natural beauty."
2,nature|wildlife,"It is home to the endangered mountain gorillas, which can be visited in Bwindi Impenetrable National Park."
3,nature|wildlife,"Nearly half of all the bird species in Africa can be found in this country, making it a bird watcher's paradise."
4,nature|geography,"The source of the Nile River, the world's longest river, is located in this country at Lake Victoria."
5,demographics|culture,"It has the youngest population in the world, with over 78% of its population being under 30 years old."
6,wildlife|nature,This country is one of the few places on earth where you can see the endangered Rothschild giraffes in the wild.
7,nature|geography,"Murchison Falls, where the Nile River squeezes through an 8-meter wide gorge before plunging with a thunderous roar, is one of its natural wonders."
8,culture|food,The traditional dish of matoke (steamed plantains) is a staple food in this country.
9,history|culture,"This country was once home to a kingdom that dates back to the 14th century, with remnants of this era still visible at the UNESCO World Heritage Site, the Kasubi Tombs."
10,wildlife|conservation,"It is the only country in the world with a national park dedicated to rhinoceroses, the Ziwa Rhino Sanctuary."
11,geography|tourism,"The equator crosses through this country, offering unique photo opportunities at the marked equatorial line."
12,culture|music|events,"It hosts the annual Nyege Nyege Festival, which is one of the biggest electronic music and arts festivals in East Africa."
13,nature|geography,The Rwenzori Mountains in this country are known as the 'Mountains of the Moon' for their ethereal appearance and are a UNESCO World Heritage Site.
14,nature|geography,Lake Bunyonyi is said to be one of the deepest lakes in Africa and is renowned for its scenic beauty and terraced hillsides.
15,economy|agriculture,"Robusta coffee, indigenous to this country, is one of its major exports and a key component of its economy."
16,culture|history,"It has a royal drum sanctuary, which houses the royal drums of the Buganda Kingdom, some of which are over 800 years old."
17,culture|demographics,The country is a melting pot of cultures with over 56 recognized ethnic groups.
18,culture|cinema,"It has a significant role in the movie 'The Queen of Katwe,' which tells the true story of a young chess prodigy from this country."
19,nature|conservation,"The Mpanga Forest, a tropical rainforest in this country, is over 450 years old and is home to a diverse range of flora and fauna."
20,society|health,"It holds the record for the largest number of people in a single country to participate in breaking the hand washing world record, emphasizing its commitment to public health."
