1,culture|history,"This country is home to the largest library in the world, with millions of books, recordings, photographs, maps, and manuscripts in its collections."
2,history|education,"The first university in this country was founded in 1636, making it one of the oldest institutions of higher education in the Americas."
3,nature|culture|history,"This country's national park system was established to preserve the natural beauty, historical and cultural sites for future generations, including the world's first national park."
4,nature|geography,"In this country, you can visit the world's largest caldera, a testament to its volcanic past."
5,technology|culture,"This country invented the internet, transforming global communication, business, and entertainment."
6,nature,"The largest tree by volume in the world, named General Sherman, is found in this country."
7,culture|history,"This country celebrates its independence day with fireworks, parades, and barbecues on the 4th of July."
8,culture|history,It has a famous road known as Route 66 that symbolizes freedom and the dream of the open road.
9,culture|music,"This country is the birthplace of jazz, a music genre that has influenced many other music styles worldwide."
10,culture|entertainment,"It hosts the world's largest film industry, known as Hollywood, producing thousands of films and shows annually."
11,culture|food,"This country's cuisine includes a diverse array of foods, from hamburgers and hot dogs to regional specialties like gumbo and clam chowder."
12,nature|travel,"The national parks in this country offer some of the most diverse natural landscapes, from arid deserts to lush forests."
13,history|space,"This country was the first to land a man on the moon, marking a significant achievement in human history and space exploration."
14,nature|geography,"The longest river in this country is the Mississippi-Missouri River System, an essential part of its natural heritage and economy."
15,technology|history,"It has a famous valley that is known as the birthplace of the tech revolution, hosting many of the world's leading technology companies."
16,history|law,"This country's constitution is the oldest written national constitution still in use, influencing countless other nations."
17,culture|history,"One of the most iconic symbols of this country is a statue gifted by France, standing as a symbol of freedom and democracy."
18,economy,"It has the largest economy in the world, driven by diverse sectors such as technology, finance, healthcare, and consumer goods."
19,culture|sports,"This country's sports culture is deeply ingrained, being the birthplace of basketball and home to the world's most famous baseball league."
20,history|engineering,"In this country, there's a famous bridge that was once the longest suspension bridge in the world, an engineering marvel of its time."
