1,culture|music,"This country is known as the birthplace of the tango, although its neighbor also claims this honor."
2,culture|society,It was the first nation in the Americas to legalize same-sex marriage nationwide.
3,culture|festivals,"Home to the longest carnival in the world, lasting more than 40 days."
4,culture|food,This country consumes more beef per capita than any other country.
5,geography|travel,"It boasts the southernmost city in the world, often considered the gateway to Antarctica."
6,agriculture|society,"In this country, cows outnumber people by more than three to one."
7,education|technology,It was the first country in the world to provide every school child with a free laptop and Wi-Fi access.
8,culture|music,This country's national anthem is among the longest in the world in terms of performance duration.
9,culture|food,"Mate, a traditional South American caffeine-rich infused drink, is considered a national beverage."
10,technology|environment,The world’s largest operational solar power plant is located here.
11,culture|history,"It has a museum dedicated entirely to tiles, showcasing over 400 years of history."
12,culture|sports,"Football is the most popular sport, with the country winning the first-ever FIFA World Cup in 1930."
13,travel|art,"Home to the unique 'hand sculpture' on its beach, which is a popular photo spot."
14,education|society,"Its literacy rate is one of the highest in South America, often cited over 98%."
15,travel|lifestyle,Punta del Este in this country is known as the Monaco of South America.
16,society|history,This country was the first in the world to establish a national system of welfare.
17,culture|music,"Candombe, an Afro-Uruguayan music and dance style, is recognized by UNESCO as a World Cultural Heritage of Humanity."
18,society|law,It was the first South American country to legalize cannabis.
19,culture|travel,Montevideo hosts a unique market in a structure that was originally a train station.
20,technology|environment,Nearly 95% of its electricity is generated from renewable sources.
