1,economy|agriculture,This country is the world's largest exporter of cotton.
2,history|culture,"The ancient city of Samarkand, over 2,500 years old, is a UNESCO World Heritage Site located here."
3,geography,It has one of the only two doubly landlocked countries in the world.
4,environment|geography,"The Aral Sea, once the fourth-largest lake in the world, has been shrinking due to irrigation projects in this country."
5,history|economy,"The Silk Road, a historic trade route, passed through this country, making it a central hub of commerce and culture in ancient times."
6,culture|festivals,"Navruz, celebrated here, marks the Persian New Year and the beginning of spring."
7,culture|food,"Plov, a traditional dish, is considered the national dish and is made with rice, meat, and carrots."
8,culture|architecture,The Registan Square in Samarkand is known for its impressive Islamic architecture.
9,geography|nature,"It is home to the Kyzylkum Desert, one of the largest deserts in Asia."
10,history|architecture,"The city of Bukhara, with its well-preserved medieval Islamic architecture, has over 140 architectural monuments."
11,geography|economy,"The Fergana Valley, surrounded by mountains, is a key agricultural area, particularly for silk production."
12,culture|transportation,"The metro in its capital is known for its ornately decorated stations, each with a unique theme and design."
13,culture|music,"It hosts the Sharq Taronalari, an international music festival that showcases traditional music from around the world."
14,history|culture,"The ancient fortress of Ark of Bukhara dates back to the 5th century and has been a center of trade, religion, and politics."
15,history|science,The Ulugh Beg Observatory in Samarkand was one of the most advanced astronomical observatories of the medieval world.
16,culture|economy,"Chorsu Bazaar in Tashkent is one of the oldest markets in Central Asia, offering a glimpse into the traditional way of life."
17,history|architecture,"The Sitorai Mokhi-Khosa, located near Bukhara, was the summer palace of the last emir, showcasing a blend of Russian and Oriental architecture."
18,food|culture,"Laghman, a noodle soup, reflects the diverse culinary influences, including Chinese and Turkic, in this country."
19,nature|geography,"The Zarafshan Range is a key biodiversity hotspot, offering unique flora and fauna endemic to the region."
20,culture|economy,"Silk and cotton weaving are traditional crafts, with intricate patterns that are unique to this country."
