1,geography|records,This country is the smallest independent state in the world by both area and population.
2,architecture|culture|religion,"It is home to the largest church in the world, an iconic example of Renaissance architecture."
3,culture|history|art,"The entity is known for its significant art collections, amassed over centuries."
4,culture|unique,"It has its own postal system and issues its own stamps, which are sought after by collectors worldwide."
5,culture|history,"The Swiss Guard, known for their distinct uniforms, serve as the personal bodyguards of the spiritual leader."
6,geography|law,This country's existence as a sovereign entity is recognized by international law but it does not have a permanent population.
7,culture|language,"The official language is Latin, making it the only entity in the world to have such distinction."
8,international relations,It is the only complete sovereign entity that is not a member of the United Nations.
9,history|religion,The vast underground catacombs here were used as burial places by early Christians.
10,culture|architecture,The gardens within this entity are known for their beauty and are a testament to landscape architecture.
11,religion|administration,It is the spiritual and administrative center of a major world religion.
12,culture|history,"This country's library is one of the oldest in the world and contains rare, ancient texts."
13,culture|tradition,An annual tradition involves releasing a dove as a symbol of peace from a balcony overlooking the city.
14,culture|religion,Pilgrims from around the world visit this entity to receive blessings and attend masses.
15,media|culture,"The entity operates its own media outlets, including a radio station that broadcasts in multiple languages."
16,economy|unique,"It has a unique economy that is supported by museum admissions, stamp and souvenir sales, and donations."
17,history|infrastructure,"Water within this entity is supplied by an ancient aqueduct, restored in the 16th century."
18,culture|religion,The leader of this country is elected for life by a conclave of cardinals.
19,culture|tradition,It hosts a famous chimney that signals new leadership with white smoke.
20,influence|religion|culture,"Despite its size, it has a significant impact on global cultural and religious affairs."
