1,economy|agriculture,This country is known for its production of arrowroot and was once a leading supplier in the world.
2,history|nature,"The oldest botanical garden in the Western Hemisphere, established in 1765, is located here."
3,leisure|nature,"This nation is a haven for yachting and sailing, thanks to its crystal-clear waters and numerous islands."
4,nature|geography,"It is part of a volcanic island arc, which means it has black sand beaches unique to volcanic islands."
5,culture|entertainment,The film 'Pirates of the Caribbean' was partially filmed on one of this country's islands.
6,nature|geography,"La Soufriere, an active volcano, is a prominent feature of this country's landscape."
7,nature|wildlife,"This country's national bird is the St Vincent Parrot, which is endemic to its forests."
8,culture|entertainment,"Vincy Mas, the annual carnival celebration, showcases vibrant costumes, music, and dance."
9,geography|nature,"The country consists of the main island and a chain of smaller islands, known as the Grenadines."
10,leisure|nature,"Its waters are home to stunning coral reefs, making it a popular destination for diving and snorkeling."
11,culture|economy,"The Kingstown Market is a bustling hub where locals sell spices, fruits, and handicrafts unique to the island."
12,history|geography,This nation was among the last in the Caribbean to be colonized due to its rugged terrain and fierce Carib resistance.
13,leisure|nature,Morne Garu is a challenging hiking trail that offers panoramic views of the surrounding islands.
14,culture|food,The traditional dish of 'roasted breadfruit and fried jackfish' is a must-try for visitors.
15,economy|agriculture,"This country is a leading exporter of nutmeg and mace, spices that are prized worldwide."
16,culture|entertainment,"It has a unique music genre known as Vincy soca, which is a blend of calypso and Indian rhythms."
17,leisure|nature,"The Vermont Nature Trail is a popular spot for bird watching, especially for sightings of the rare St Vincent Parrot."
18,economy|society,"Its economy is heavily reliant on tourism, agriculture, and the money sent home by nationals living abroad."
19,culture|history,"This country celebrates its independence on October 27th, a day marked with parades and cultural performances."
20,nature|leisure,"The Owia Salt Pond, a natural sea water pool, is surrounded by volcanic rock and is a unique swimming spot."
