1,nature,This country is home to the world's highest waterfall.
2,culture|food,"The national dish is called arepas, a type of food made from ground maize dough."
3,nature,"It boasts the lightning capital of the world, where the Catatumbo River meets Lake Maracaibo."
4,nature|economy,This country has the largest oil reserves in the world.
5,nature,Angel Falls in this country is 15 times higher than Niagara Falls.
6,culture|music,The traditional music style of joropo represents the heart and soul of its culture.
7,history,It was the first country in Latin America to declare independence from colonial rule.
8,nature,"The Orinoco Delta, sprawling with diverse wildlife and waterways, is found here."
9,culture|nature,Roraima Mountain inspired the movie 'Up' as it is thought to be a place where the earth touches the sky.
10,culture|history,"The Warao people, one of the oldest indigenous cultures in the Americas, reside here."
11,nature,It has a pink river dolphin that can be found in its freshwaters.
12,culture,Christmas celebrations include roller-skating to early morning mass in many of its cities.
13,history,"The country is named after Venice, Italy, due to the similarity between Venice's canals and those of its own stilt houses on water."
14,nature,"Home to the Tepuis, flat-topped mountains considered to be among the oldest geological formations on Earth."
15,history,"It is the birthplace of Simón Bolívar, a key figure in Latin America's quest for independence."
16,culture|food,"The country has a unique ice cream shop listed in the Guinness Book of World Records for offering the most flavors, including mushroom and beer."
17,nature,"Los Roques Archipelago, a hidden gem, offers some of the most beautiful beaches in the Caribbean."
18,culture|food,"Pabellón Criollo is considered the national dish, reflecting a blend of indigenous, African, and Spanish influences."
19,economy,"The petro, launched by the government, is cited as the world's first sovereign cryptocurrency."
20,nature,"It hosts one of the most spectacular natural phenomena, the Catatumbo lightning, where lightning storms occur for about 10 hours a night, up to 160 nights a year."
