1,economy|agriculture,This country is the world's largest exporter of cashew nuts and black pepper.
2,nature|exploration,"Home to the world's largest cave, Son Doong, which has its own river and jungle inside."
3,culture|fashion,"The traditional dress, Ao Dai, is considered a symbol of beauty and elegance in this country."
4,culture|transportation,"Motorbikes are the most popular form of transportation, with millions on the roads every day."
5,culture|urban life,"It features a street in its capital that is dedicated entirely to train tracks, with cafes and homes lining either side."
6,culture|food,"Pho, a noodle soup, is a famous dish that originated from this country and is enjoyed worldwide."
7,culture|celebrations,"This country celebrates the Lunar New Year, known as Tet, which is its most significant holiday."
8,culture|history,"The ancient city of Hoi An lights up with lanterns every full moon, creating a magical atmosphere."
9,culture|entertainment,"It has a unique form of water puppetry that dates back to the 11th century, showcasing scenes from rural life and national history."
10,nature|exploration,"This country is part of the world's largest cave system, the Phong Nha-Ke Bang National Park, a UNESCO World Heritage Site."
11,nature|tourism,"Ha Long Bay, known for its emerald waters and thousands of towering limestone islands topped with rainforests, is a UNESCO World Heritage site."
12,architecture|tourism,"The Golden Bridge, held aloft by two giant stone hands, is a unique architectural marvel attracting tourists worldwide."
13,economy|food,"This country is the second largest coffee producer in the world, famous for its unique egg coffee."
14,history|culture,"The War Remnants Museum offers poignant insights into the impacts of war, without focusing on political aspects."
15,history|culture,"Cu Chi Tunnels offer a glimpse into the underground life during conflict times, emphasizing ingenuity and resilience."
16,nature|economy,"The Mekong Delta in this country is known as the 'Rice Bowl', crucial for its agricultural economy."
17,nature|adventure,"Fansipan, the highest peak in Indochina, offers breathtaking views and challenging treks for adventurers."
18,culture|entertainment,"Traditional puppet shows on water is a cultural heritage that dates back centuries, reflecting folklore and legends."
19,culture|celebrations,"This country's New Year celebration, Tet, sees the migration of millions of people returning home for family reunions."
20,culture|food,"The cuisine here is known for balancing five fundamental tastes, corresponding to the elements, in each meal."
