1,geography|nature,"This country is made up of over 80 islands that stretch 1,300 kilometers."
2,unique places|tourism,The underwater post office off the coast of one of its islands is a unique attraction for divers.
3,nature|unique places,"It's home to one of the world's most accessible active volcanoes, Mount Yasur."
4,culture|traditions,"The tradition of land diving, considered a precursor to bungee jumping, originated here."
5,nature|unique places,The Giant Banyan Tree on Tanna Island is one of the largest of its kind in the world.
6,history|culture,"This country was first inhabited by Melanesian people around 3,000 years ago."
7,culture|food,"The local cuisine is known for its use of laplap, a dish made from taro, yam, or banana mixed with coconut milk."
8,culture|festivals,"John Frum Day, celebrated annually, is a unique cultural festival with a fascinating history."
9,culture|people,"It is considered one of the happiest countries in the world, according to the Happy Planet Index."
10,culture|language,"The nation's languages include over 100 local dialects, reflecting its diverse cultural heritage."
11,culture|art,"Sand drawing, a unique form of art, is recognized by UNESCO as an Intangible Cultural Heritage."
12,culture|traditions,"The island of Pentecost is famous for its annual land diving ritual, which marks the yam harvest season."
13,history|unique places,"It was the site of significant naval battles during World War II, leaving behind numerous underwater wrecks for divers to explore."
14,culture|traditions,"The local belief system, known as Kastom, plays a significant role in the social and cultural life of the islands."
15,culture|symbols,This country's flag features a Y-shape representing the chain of islands making up the nation.
16,culture|history,"The Vanuatu Cultural Centre, located in the largest city, is a hub for the preservation of the nation's rich cultural heritage."
17,unique places|tourism,It is one of the few places in the world where you can mail a waterproof postcard underwater.
18,nature|wildlife,The island nation is a prime spot for witnessing the annual migration of several species of sea turtles.
19,culture|food,"The beverage kava, made from the root of the kava plant, is a traditional drink with ceremonial significance."
20,culture|unique places,"Ambrym Island is known for its active volcanoes and traditional magic practices, often referred to as 'black magic'."
