1,culture|society,"This country is known for its traditional 'Fa'a Samoa' way of life, which emphasizes communal living and family values."
2,culture|traditions,"The 'ava ceremony is a highly important social ritual in this country, involving a ceremonial drink made from the ground root of the kava plant."
3,nature|places to visit,"This country is home to the To-Sua Ocean Trench, a natural swimming hole surrounded by lush gardens and accessible by a ladder."
4,culture|architecture,"The traditional houses in this country, known as 'fales,' are open-sided structures designed to keep occupants cool in the tropical climate."
5,culture|sports,"Rugby is incredibly popular in this country, with the national team known as the 'Manu Samoa' being a source of national pride."
6,history|culture,"This country celebrates Independence Day on June 1st, marking its independence from New Zealand in 1962."
7,history|culture|places to visit,"The Robert Louis Stevenson Museum in this country was once the home of the famous Scottish author, who spent his last years there."
8,geography|culture,"This country is part of the Polynesian region of the Pacific Ocean, known for its vibrant culture and history."
9,culture|traditions,"Tattooing, or 'tatau,' is an ancient practice in this country, with significant cultural importance and rites of passage."
10,culture|food,"This country's diet is rich in seafood, tropical fruits, and root vegetables, reflecting its island geography."
11,culture|traditions,"The 'Siva Afi' or fire knife dance is a traditional Samoan dance that involves twirling a knife with flaming ends, often performed at ceremonies."
12,history,This country was the first in the Pacific region to gain independence in the 20th century.
13,nature|places to visit,"The Alofaaga Blowholes, located on the coast of Savai'i island, shoot sea water up to 30 meters into the air, providing a spectacular natural display."
14,events|sports,The Samoa International Game Fishing Tournament attracts anglers from around the world to this country's rich fishing grounds.
15,nature|places to visit,"Piula Cave Pool, a freshwater swimming hole located at the foot of a cliff on Upolu island, is a hidden gem popular with both locals and tourists."
16,culture|events,"The annual Teuila Festival is one of this country's most significant cultural events, featuring traditional Samoan dance, music, and art."
17,culture|society,"This country is known for its 'matai' system, a traditional form of leadership and social organization where chiefs ('matai') play key roles in villages."
18,nature|places to visit,The Falealupo Rainforest Preserve on Savai'i island offers a canopy walkway that provides stunning views of the forest and its wildlife.
19,culture|geography,"This country's flag features the Southern Cross constellation, symbolizing its location in the southern hemisphere."
20,nature|places to visit,"Papaseea Sliding Rocks are smooth, naturally formed water slides located in this country, offering a unique and refreshing experience."
