1,architecture|history,"This country is known for its ancient skyscrapers made of mud brick, found in Shibam, often called the 'Manhattan of the desert'."
2,nature|biodiversity,"The island of Socotra, part of this country, is home to unique flora and fauna, with about a third of its plant life being found nowhere else on Earth."
3,culture|food,"Mocha, a variety of coffee highly sought after around the world, originally comes from the port city of Mocha in this country."
4,nature|plants,"The Dragon Blood Trees, with their distinctive umbrella shape and red sap, are unique to Socotra Island in this country."
5,culture|traditions,"This country has a tradition of chewing qat, a leaf stimulant, during social gatherings in the afternoon."
6,architecture|history,"The Old City of Sana'a, one of the oldest continuously inhabited cities in the world, features stunning multi-story buildings decorated with geometric patterns."
7,architecture|history,"Dar al-Hajar, the Rock Palace in Wadi Dhahr Valley, is an iconic five-story building perched atop a rock and serves as a symbol of this country's rich history."
8,agriculture|history,The terraced fields of the Haraz Mountains are a testament to ancient agricultural practices still in use today.
9,architecture|religion,"Al Saleh Mosque, notable for its modern construction and magnificent white domes, represents a blend of contemporary and traditional architectural styles."
10,geography|climate,"The Tihama Plain along the Red Sea coast is known for its extreme heat and humidity, contrasting sharply with the country's mountainous regions."
11,culture|traditions,"This country's tradition of wearing the jambiya, a ceremonial curved dagger, symbolizes manhood and social status."
12,nature|birds,"The annual migration of the Socotra cormorant, a bird species that breeds on the small islands of this country, is a significant ecological event."
13,architecture|history,"The Shaharah Bridge, a limestone bridge built in the 17th century to connect two mountain tops, is an engineering marvel of its time."
14,history|engineering,"The ancient city of Marib, home to the ruins of the Great Dam of Marib, reflects the engineering prowess of its early inhabitants."
15,culture|art,"The traditional art of Yemeni silverwork, especially in making intricate jewelry, is renowned for its craftsmanship and beauty."
16,architecture|history,"Hadhramaut Valley, known for its mudbrick tower houses and ancient cities, is a cradle of early Islamic culture and architecture."
17,nature|biodiversity,The Yemeni island of Socotra is often referred to as the 'Galapagos of the Indian Ocean' due to its incredible natural diversity.
18,culture|food,"This country's coffee culture is rich and historic, with traditional practices dating back centuries and playing a significant role in social life."
19,architecture|history,"The Akdamar Church, an architectural gem, showcases the unique cultural and historical heritage of the Armenian people."
20,culture|sustainability,The practice of rooftop gardening in the Old City of Sana'a is a testament to the adaptability and sustainability of urban living in arid environments.
