1,nature|history,"This country is home to one of the oldest mountains on the planet, Table Mountain, which is over 260 million years old."
2,culture|sports,"It is the only country in the world to have hosted the soccer, cricket, and rugby world cups."
3,nature|history,"The world's largest visible crater, the Vredefort Dome, is located here, a result of a meteorite impact over 2 billion years ago."
4,culture,"It has three capital cities, each serving a different purpose: administrative, legislative, and judicial."
5,history|science,The world's first heart transplant was performed in this country by Dr. Christiaan Barnard in 1967.
6,history,It is the only country in the world to voluntarily abandon its nuclear weapons program.
7,culture,"The concept of 'Ubuntu', meaning humanity towards others, is a fundamental part of its culture."
8,economy|nature,"It is the largest producer of platinum in the world, accounting for about 77% of the global supply."
9,nature,"The floral kingdom of the Cape Floristic Region, found here, is one of the richest in the world and is a UNESCO World Heritage Site."
10,history|culture,"It is the birthplace of the famous freedom fighter and former President, Nelson Mandela, in the Eastern Cape province."
11,culture|economy,"The world's longest wine route is found here, stretching over 850 kilometers along the Route 62."
12,culture|history,It was the first African country and the fifth in the world to recognize same-sex marriage.
13,history|culture,"The San people of this country have one of the oldest genetic lineages in the world, tracing back over 60,000 years."
14,history|nature,"It is home to the Cradle of Humankind, a UNESCO World Heritage Site, where some of the world's oldest hominid fossils have been found."
15,culture,"The country has 11 official languages, one of the highest numbers of any country in the world."
16,nature,It has the third highest level of biodiversity in the world.
17,history|economy,"The world's largest diamond, the Cullinan Diamond, was discovered here in 1905."
18,history,It is the only country in the world to build and then decide to dismantle its entire nuclear weapons program.
19,nature,The Blyde River Canyon is the world's third largest canyon and one of the most spectacular natural sights here.
20,culture|economy,"Rooibos tea, which is naturally caffeine-free, originates from this country and is popular worldwide."
