1,nature|travel|adventure,"This country is home to the world's largest waterfall by volume, attracting adventurers and nature lovers alike."
2,culture|history|society,"In this country, the traditional ceremonial monarchy system still plays a significant role in its culture, with chiefs and traditional ceremonies highly regarded."
3,nature|travel|phenomena,"It is one of the few countries in the world where you can witness a 'moonbow', a lunar rainbow, at its famous waterfall during full moon."
4,nature|travel|conservation,"The national park system of this country is vast and includes one of Africa's largest game reserves, renowned for its biodiversity."
5,economy|industry|mining,"This country's economy significantly benefits from copper mining, being among the world's top producers."
6,culture|fashion|tradition,"The traditional fabric of this country, known as 'chitenge', is used in various ways, from clothing to ceremonial decorations."
7,nature|wildlife|birdwatching,"It has a unique tropical bird species that is not found anywhere else in the world, making it a hotspot for birdwatching."
8,nature|wildlife|travel,"In this country, you can explore the second largest wildebeest migration in Africa, a spectacular wildlife event."
9,culture|food|tradition,"The cuisine here is diverse, with 'nshima', a maize porridge, being a staple food served with different relishes."
10,history|society,This country was among the first in Africa to transition peacefully to a multi-party democracy in the early 1990s.
11,nature|travel|adventure,"It is home to a unique natural wonder, the Devil's Pool, a natural infinity pool on the edge of its famous waterfall."
12,culture|society|religion,"This country has a day dedicated to national prayer, reflection, and thanksgiving, observed by citizens across the nation."
13,nature|economy|mining,The only place in the world where you can find the rare 'green' emeralds is in the mines of this country.
14,culture|arts|festival,"It hosts an international arts festival that attracts performers and audiences from across the globe, showcasing its cultural diversity."
15,culture|symbolism,"This country's flag features an eagle in flight, symbolizing freedom and the ability to rise above national problems."
16,nature|geography,One of the longest freshwater lakes in the world forms part of the border of this country.
17,culture|sports,"The national football team is affectionately known as 'The Copper Bullets', a nod to the country's mining industry."
18,nature|conservation|travel,"It has a novel conservation project that involves the walking safari, pioneered in its national parks."
19,economy|environment|policy,This country was the first in Africa to introduce a levy on plastic bags to combat environmental pollution.
20,culture|dance|festival,"The traditional dance of this country, characterized by rhythmic movements and vibrant costumes, is an integral part of its cultural festivals."
