1,nature,"This country is home to one of the largest waterfalls in the world, known as 'the smoke that thunders'."
2,history|culture,"The Great Zimbabwe ruins, after which this country is named, are the largest ancient stone construction south of the Sahara."
3,nature,"In this country, there's a balancing rocks phenomenon, where rocks naturally balance on top of each other in seemingly impossible arrangements."
4,nature|wildlife,It's one of the few countries where you can find both black and white rhinoceros in the wild.
5,culture,"This country has over 16 official languages, reflecting its diverse culture and ethnic groups."
6,culture|sports,"The national sport is not soccer, but rather a form of rugby, showcasing unique local preferences."
7,nature|technology,"It hosts one of the world's largest man-made lakes, Lake Kariba, which is a major source of hydroelectric power."
8,culture|history,"The stone-carved Zimbabwe Bird is a national symbol, representing a mysterious past linked to ancient cities and trade."
9,culture|music,"In this country, there's a unique type of music called Mbira which has been played for over a thousand years."
10,economy,"It is one of the world's top producers of tobacco, which is a significant part of its economy."
11,nature|history,The Matobo Hills are recognized as a UNESCO World Heritage site for their natural beauty and prehistoric rock art.
12,nature,"This country is one of the places where you can find the Victoria Falls Rainforest, which receives rain 24/7 from the mist of the falls."
13,culture|architecture,"It has a special type of hut with thatched roofs and walls made from a mixture of mud and cow dung, reflecting traditional building methods."
14,culture|art,"The Shona people, making up the majority of the population, are renowned for their skill in stone sculpture."
15,culture|food,"A traditional food is sadza, a thick maize porridge, usually served with meat or vegetable stew."
16,nature|wildlife,"The Hwange National Park is one of Africa's finest havens for wildlife, home to over 100 mammal species including the Big Five."
17,culture|religion,"There's a cultural belief in spirit mediums, known as 'Svikiro', playing a crucial role in communication between the living and the spirits."
18,geography,"This country is part of the Southern African Development Community, reflecting its commitment to regional cooperation."
19,education,"It has a high literacy rate compared to many other African countries, thanks to a strong emphasis on education."
20,nature|wildlife,"The Matusadona National Park is a haven for bird watchers, offering sightings of over 240 bird species."
